id,title,date,year,url,domain,source_name,source_type,collector,browser_family,incident_types,seeded,extension_related,incident_like,note,description
addons-2010-07-13-add-on-security-announcement,Add-on security vulnerability announcement – Mozilla Add-ons Community Blog,2010-07-13,2010,https://blog.mozilla.org/addons/2010/07/13/add-on-security-announcement/,blog.mozilla.org,Mozilla Add-ons Blog,manual-seed,manual,chrome|firefox,malicious-extension|vulnerability,True,True,True,Older advisory on malicious add-on and security-vulnerable add-on,"One malicious add-on and another add-on with a serious security vulnerability were discovered recently on the Mozilla Add-ons site. Both issues have been dealt with, and the details are described ..."
article-1538662-opera-touts-extensions-in-next-browser-html,Opera touts extensions in next browser,2010-10-14,2010,https://www.computerworld.com/article/1538662/opera-touts-extensions-in-next-browser.html,computerworld.com,Computerworld,bing-news-rss,https://www.bing.com/news/search?q=site%3Acomputerworld.com+browser+extension+malicious&format=rss,chrome|firefox|opera,other,False,True,False,,"Opera Software on Thursday announced that it will add support for extensions to its flagship browser, mimicking the functionality of more popular rivals such as Mozilla’s Firefox and Google’s Chrome."
2010-10-firesheep-baaaaad-news-for-the-unwary,Firesheep: Baaaaad News for the Unwary,2010-10-26,2010,https://krebsonsecurity.com/2010/10/firesheep-baaaaad-news-for-the-unwary/,krebsonsecurity.com,Krebs on Security,bing-news-rss,https://www.bing.com/news/search?q=site%3Akrebsonsecurity.com+browser+extension&format=rss,firefox,malicious-extension,False,True,True,,"“Firesheep,” a new add-on for Firefox that makes it easier to hijack e-mail and social networking accounts of others who are on the same wired or wireless network, has been getting some rather ..."
security-2011-03-25-comodo-certificate-issue-follow-up,Comodo Certificate Issue – Follow Up – Mozilla Security Blog,2011-03-25,2011,https://blog.mozilla.org/security/2011/03/25/comodo-certificate-issue-follow-up/,blog.mozilla.org,Mozilla Security Blog,manual-seed,manual,firefox,malicious-extension,True,True,True,Fraudulent certificate for addons.mozilla.org could have enabled malicious software downloads,"Categories: CA Program Firefox Security Comodo Certificate Issue – Follow Up Johnathan Nightingale March 25, 2011 30 responses This is a follow-up to the previous Mozilla report about the fraudulent certificates issued by Comodo last week. On 15th March 2011, a RA partner of the Comodo CA suffered an internal security breach ( Comodo incident report ). The attacker used the RA’s account with Comodo to cause 9 fraudulent certificates to be issued."
malicious-chrome-extensions-targeting-facebook,Malicious Chrome Extensions Targeting Facebook,2012-03-26,2012,https://www.securityweek.com/malicious-chrome-extensions-targeting-facebook/,securityweek.com,SecurityWeek,manual-seed,manual,chrome,malicious-extension,True,True,True,Older Chrome extension malware campaign coverage,"Researchers from Kaspersky Lab have found examples of malicious Chrome applications targeting Facebook users in Brazil. The attack use several methods to entice users to install the malware, and despite Google’s best efforts, the criminals behind the attack keep getting new variants into the Chrome Web Store."
information-technology-2012-03-googles-chome-web-store-used-to-spread-malware,Google's Chrome Web store used to spread malware,2012-03-27,2012,https://arstechnica.com/information-technology/2012/03/googles-chome-web-store-used-to-spread-malware/,arstechnica.com,Ars Technica,manual-seed,manual,chrome|opera,malicious-extension,True,True,True,Older Chrome Web Store malware coverage,"Biz & IT Google’s Chrome Web store used to spread malware Attackers seeded Google's Chrome Web Store with a malicious extension to … Dan Goodin – Mar 27, 2012 2:15 pm | 32 Credit: Photograph by www.securelist.com Credit: Photograph by www.securelist.com Text settings Story text Size Small Standard Large Width * Standard Wide Links Standard Orange * Subscribers only Learn more Minimize to nav Crooks have found a new venue to push malware: the official Google Chrome Web Store . It was recently used to hawk Chrome browser extensions secretly hijacking users’ Facebook profiles."
information-technology-2012-05-firefox-security-add-in-exposes-users-web-browsing-history,"Firefox ""security"" add-on exposes users' Web browsing history",2012-05-01,2012,https://arstechnica.com/information-technology/2012/05/firefox-security-add-in-exposes-users-web-browsing-history/,arstechnica.com,Ars Technica,manual-seed,manual,firefox,other,True,True,True,Firefox ShowIP add-on privacy leak coverage,"E-Privacy Firefox “security” add-on exposes users’ Web browsing history Firefox plugin ShowIP transmits web visits home in the clear, exposing browser history. Sean Gallagher – May 1, 2012 9:45 am | 25 Text settings Story text Size Small Standard Large Width * Standard Wide Links Standard Orange * Subscribers only Learn more Minimize to nav A Firefox add-on that gives users the ability to collect information on the IP address, server hostname and other related data for websites they visit also has the added bonus feature of reporting the same information on every site visited to a third-party server, SophosLabs reports."
malicious-firefox-chrome-extension-hijacks-facebook-profiles,"Malicious Firefox, Chrome Extension Hijacks Facebook Profiles",2013-05-12,2013,https://www.securityweek.com/malicious-firefox-chrome-extension-hijacks-facebook-profiles/,securityweek.com,SecurityWeek,bing-news-rss,https://www.bing.com/news/search?q=site%3Asecurityweek.com+browser+extension+malicious&format=rss,chrome|firefox,malicious-extension,False,True,True,,"Researchers at Microsoft are reporting a wave of malicious browser extensions attempting to hijack Facebook profiles. The malware, known as Trojan:JS/Febipos.A, specifically targets Google Chrome and ..."
2014-04-malicious-chrome-extension-hijacks-html,Malicious Chrome Extension Hijacks CryptoCurrencies and Wallets,2014-04-25,2014,http://thehackernews.com/2014/04/malicious-chrome-extension-hijacks.html,thehackernews.com,The Hacker News,feed,https://thehackernews.com/feeds/posts/default/-/chrome%20extension?alt=json&max-results=500,chrome,malicious-extension,False,True,True,,"Although the number of malicious browser extensions has significantly increased in the past years, but recently a new extension of the Google Chrome is allegedly targeting Cryptocurrency users that is capable of stealing Bitcoins and other crypto coins silently. The malicious Chrome browser extension dubbed as ‘Cryptsy Dogecoin (DOGE) Live Ticker’ which is available on Chrome Web store"
2014-06-google-offers-chrome-extension-for-end-html,Google offers Chrome Extension for End-To-End Gmail Encryption,2014-06-04,2014,http://thehackernews.com/2014/06/google-offers-chrome-extension-for-end.html,thehackernews.com,The Hacker News,feed,https://thehackernews.com/feeds/posts/default/-/chrome%20extension?alt=json&max-results=500,chrome,other,False,True,False,,"Everything we do online, whether chatting on phone, talking via video or audio, sending messages on phones or emails are being watched by Governments and Intelligence agencies. However, many Internet giants offer encrypted environment in an effort to protect our online data from prying eyes, but still those companies can read our data stored into their servers. But, there is a great news"
2014-09-malware-can-bypasses-chrome-extension-html,Malware Can Bypass Chrome Extension Security Feature Easily,2014-09-06,2014,http://thehackernews.com/2014/09/malware-can-bypasses-chrome-extension.html,thehackernews.com,The Hacker News,feed,https://thehackernews.com/feeds/posts/default/-/chrome%20extension?alt=json&max-results=500,chrome,malicious-extension,False,True,True,,Researchers have uncovered a new social engineering trick that leads users to a malicious extension from Google Chrome impersonating to deliver Adobe’s Flash Player in order to lure victims in a click fraud campaign. Security experts at TrendMicro believe that the malware is triggered by opening Facebook or Twitter via shortened links provided in any social networking websites. Once
2014-12-gmail-end-to-end-encryption-html,Google Releases Chrome Extension for End-To-End Email Encryption,2014-12-18,2014,http://thehackernews.com/2014/12/gmail-end-to-end-encryption.html,thehackernews.com,The Hacker News,feed,https://thehackernews.com/feeds/posts/default/-/chrome%20extension?alt=json&max-results=500,chrome,other,False,True,False,,"Back in june this year, Google announced an alpha Google Chrome extension called ""End-to-End"" for sending and receiving emails securely, in wake of former NSA contractor Edward Snowden’s revelations about the global surveillance conducted by the government law-enforcements. Finally, the company has announced that it made the source code for its End-to-End Chrome extension open source via"
2015-05-hack-google-password-html,Hacker Finds a Simple Way to Bypass Google Password Alert,2015-05-02,2015,http://thehackernews.com/2015/05/hack-google-password.html,thehackernews.com,The Hacker News,feed,https://thehackernews.com/feeds/posts/default/-/chrome%20extension?alt=json&max-results=500,chrome,malicious-extension,False,True,True,,"Less than 24 hours after Google launched the new Phishing alert extension Password Alert, a security researcher was able to bypass the feature using deadly simple exploits. On Wednesday, the search engine giant launched a new Password Alert Chrome extension to alert its users whenever they accidentally enter their Google password on a carefully crafted phishing website that aimed at"
2015-05-facebook-hack-location-html,This Facebook Hack Allows You to Track Your Friends On Map,2015-05-27,2015,http://thehackernews.com/2015/05/facebook-hack-location.html,thehackernews.com,The Hacker News,feed,https://thehackernews.com/feeds/posts/default/-/chrome%20extension?alt=json&max-results=500,chrome,other,False,True,False,,Remember the magical Marauder’s Map from the Harry Potter books that reveal the whereabouts of characters as they roam classrooms and the halls of Hogwarts school? A student developer from Cambridge has created a Chrome extension that works similar and also named it Marauder’s Map. The extension that allows you to watch every footstep of your Facebook friends by grabbing location data
2015-08-mozilla-firefox-web-extensions-html,Mozilla Firefox Launches Web Extensions API to Support Chrome and Opera Extensions,2015-08-24,2015,http://thehackernews.com/2015/08/mozilla-firefox-web-extensions.html,thehackernews.com,The Hacker News,feed,https://thehackernews.com/feeds/posts/default/-/chrome%20extension?alt=json&max-results=500,chrome|firefox|opera,other,False,True,False,,"Should we feel happy about it? Let's find out! What Firefox has been thinking of is, it is planning to bring in Google chrome's web browser extensions to support the features of Mozilla Firefox. The parent company of Firefox i. e. Mozilla Foundation has decided to update their add-on and extension infrastructure, making Firefox more capable and user-friendly. Ranked number three,"
brief-black-hat-asia-researchers-find-reusable-vulnerabilities-in-popular-firefox-extensions,Black Hat Asia: Researchers find reusable vulnerabilities in popular Firefox extensions,2016-04-03,2016,https://www.scmagazine.com/brief/black-hat-asia-researchers-find-reusable-vulnerabilities-in-popular-firefox-extensions,scmagazine.com,SC Media,bing-news-rss,https://www.bing.com/news/search?q=firefox+extension+vulnerability&format=rss,firefox,vulnerability,False,True,True,,Flaws affecting popular Firefox extensions were disclosed by researchers at Black Hat Asia in Singapore. The reusable vulnerabilities were discovered by Northeastern Univeristy PhD candidate Ahmet ...
2016-04-chrome-data-security-html,Google makes it mandatory for Chrome Apps to tell Users what Data they collect,2016-04-19,2016,http://thehackernews.com/2016/04/chrome-data-security.html,thehackernews.com,The Hacker News,feed,https://thehackernews.com/feeds/posts/default/-/chrome%20extension?alt=json&max-results=500,chrome,malicious-extension,False,True,False,,"In Brief Chrome apps and extensions make things easier, but they can also do terrible things like spy on web users and collect their personal data. But, now Google has updated its browser’s User Data Policy requiring all Chrome extension and app developers to disclose what data they collect. Furthermore, developers are prohibited from collecting unnecessary browsing data and must also use"
2016-07-09-the-12-best-browser-extensions-you-can-have-in-2016-html,The 12 Best Browser Extensions You Can Have in 2016,2016-07-09,2016,https://www.engadget.com/2016-07-09-the-12-best-browser-extensions-you-can-have-in-2016.html,engadget.com,Engadget,bing-news-rss,https://www.bing.com/news/search?q=site%3Aengadget.com+browser+extension+malicious&format=rss,chrome,other,False,True,False,,"HoverZoom screenshot obtained from Chrome Web Store. The internet is pretty great, but the way we browse it can always be improved. Today's browsers have become sophisticated vehicles for exploring ..."
2016-07-lastpass-password-manager-html,LastPass Bug Lets Hackers Steal All Your Passwords,2016-07-27,2016,http://thehackernews.com/2016/07/lastpass-password-manager.html,thehackernews.com,The Hacker News,feed,https://thehackernews.com/feeds/posts/default/-/chrome%20extension?alt=json&max-results=500,chrome|firefox,vulnerability,False,True,True,,A critical zero-day flaw has been discovered in the popular cloud password manager LastPass that could allow any remote attacker to compromise your account completely. LastPass is one of the best password manager that also available as a browser extension that automatically fills credentials for you. All you need is to remember one master password to unlock all other passwords of
2017-03-07-pinterest-visual-search-in-browser-extensions-html,Pinterest adds visual search to its handy browser extensions,2017-03-07,2017,https://www.engadget.com/2017-03-07-pinterest-visual-search-in-browser-extensions.html,engadget.com,Engadget,bing-news-rss,https://www.bing.com/news/search?q=site%3Aengadget.com+browser+extension+malicious&format=rss,chrome,other,False,True,False,,"Pinterest introduces new ways for its users to access pinned items on the regular and today it's revealing yet another. Starting tomorrow, you can employ the company's visual search tech to hunt for ..."
2017-07-cisco-webex-vulnerability-html,"Critical RCE Vulnerability Found in Cisco WebEx Extensions, Again — Patch Now!",2017-07-17,2017,http://thehackernews.com/2017/07/cisco-webex-vulnerability.html,thehackernews.com,The Hacker News,feed,https://thehackernews.com/feeds/posts/default/-/chrome%20extension?alt=json&max-results=500,chrome|edge|firefox,malicious-extension|vulnerability,False,True,True,,"A highly critical vulnerability has been discovered in the Cisco Systems’ WebEx browser extension for Chrome and Firefox, for the second time in this year, which could allow attackers to remotely execute malicious code on a victim's computer. Cisco WebEx is a popular communication tool for online events, including meetings, webinars and video conferences that help users connect and"
2017-07-chrome-extention-hacking-adware-html,Someone Hijacks A Popular Chrome Extension to Push Malware,2017-07-31,2017,http://thehackernews.com/2017/07/chrome-extention-hacking-adware.html,thehackernews.com,The Hacker News,feed,https://thehackernews.com/feeds/posts/default/-/chrome%20extension?alt=json&max-results=500,chrome|firefox,malicious-extension,False,True,True,,"Phishers have recently hacked an extension for Google Chrome after compromising the Chrome Web Store account of German developer team a9t9 software and abused to distribute spam messages to unsuspecting users. Dubbed Copyfish, the extension allows users to extract text from images, PDF documents and video, and has more than 37,500 users. Unfortunately, the Chrome extension of Copyfish has"
2017-08-chrome-extension-for-web-developers-html,Hackers Hijacked Chrome Extension for Web Developers With Over 1 Million Users,2017-08-03,2017,http://thehackernews.com/2017/08/chrome-extension-for-web-developers.html,thehackernews.com,The Hacker News,feed,https://thehackernews.com/feeds/posts/default/-/chrome%20extension?alt=json&max-results=500,chrome|firefox,malicious-extension|supply-chain,False,True,True,,"From past few years, spammers and cyber criminals were buying web extensions from their developers and then updating them without informing their users to inject bulk advertisements into every website user visits in order to generate large revenue. But now they have shifted their business model—instead of investing, spammers have started a new wave of phishing attacks aimed at hijacking"
2017-08-chrome-extension-hacking-html,8 More Chrome Extensions Hijacked to Target 4.8 Million Users,2017-08-16,2017,http://thehackernews.com/2017/08/chrome-extension-hacking.html,thehackernews.com,The Hacker News,feed,https://thehackernews.com/feeds/posts/default/-/chrome%20extension?alt=json&max-results=500,chrome,malicious-extension|supply-chain,False,True,True,,"Google's Chrome web browser Extensions are under attack with a series of developers being hacked within last one month. Almost two weeks ago, we reported how unknown attackers managed to compromise the Chrome Web Store account of a developer team and hijacked Copyfish extension, and then modified it to distribute spam correspondence to users. Just two days after that incident, some unknown"
information-technology-2018-01-500000-chrome-users-fall-prey-to-malicious-extensions-in-google-web-store,"Google Chrome extensions with 500,000 downloads found to be malicious",2018-01-16,2018,https://arstechnica.com/information-technology/2018/01/500000-chrome-users-fall-prey-to-malicious-extensions-in-google-web-store/,arstechnica.com,Ars Technica,bing-news-rss,https://www.bing.com/news/search?q=site%3Aarstechnica.com+browser+extension+malicious&format=rss,chrome|opera,malicious-extension,False,True,True,,"Researchers have uncovered four malicious extensions with more than 500,000 combined downloads from the Google Chrome Web Store, a finding that highlights a key weakness in what’s widely considered to ..."
information-technology-2018-01-malicious-chrome-extension-is-next-to-impossible-to-manually-remove,Malicious Chrome extension is next to impossible to manually remove,2018-01-19,2018,https://arstechnica.com/information-technology/2018/01/malicious-chrome-extension-is-next-to-impossible-to-manually-remove/,arstechnica.com,Ars Technica,bing-news-rss,https://www.bing.com/news/search?q=site%3Aarstechnica.com+browser+extension+malicious&format=rss,chrome|firefox,malicious-extension,False,True,True,,"Proving once again that Google Chrome extensions are the Achilles heel of what’s arguably the Internet’s most secure browser, a researcher has documented a malicious add-on that tricks users into ..."
2018-02-grammar-checking-software-html,Critical Flaw in Grammarly Spell Checker Could Let Attackers Steal Your Data,2018-02-06,2018,http://thehackernews.com/2018/02/grammar-checking-software.html,thehackernews.com,The Hacker News,feed,https://thehackernews.com/feeds/posts/default/-/chrome%20extension?alt=json&max-results=500,chrome|firefox,vulnerability,False,True,True,,"A critical vulnerability discovered in the Chrome and Firefox browser extension of the grammar-checking software Grammarly inadvertently left all 22 million users' accounts, including their personal documents and records, vulnerable to remote hackers. According to Google Project Zero researcher Tavis Ormandy, who discovered the vulnerability on February 2, the Chrome and Firefox extension of"
blogs-risk-browser-extensions,Understand the Inherent Risk in Browser Extensions,2018-03-20,2018,https://www.infosecurity-magazine.com/blogs/risk-browser-extensions/,infosecurity-magazine.com,Infosecurity-magazine.com,bing-news-rss,https://www.bing.com/news/search?q=site%3Ainfosecurity-magazine.com+browser+extension+malicious&format=rss,chrome|opera,other,False,True,False,,"Over the past three decades, businesses and personal consumers have entrenched themselves deeper into cloud solutions that are accessible through third-party applications. These tools enable ..."
2018-04-adblocker-chrome-extention-html,Over 20 Million Users Installed Malicious Ad Blockers From Chrome Store,2018-04-19,2018,http://thehackernews.com/2018/04/adblocker-chrome-extention.html,thehackernews.com,The Hacker News,feed,https://thehackernews.com/feeds/posts/default/-/chrome%20extension?alt=json&max-results=500,chrome,malicious-extension,False,True,True,,"If you have installed any of the below-mentioned Ad blocker extension in your Chrome browser, you could have been hacked. A security researcher has spotted five malicious ad blockers extension in the Google Chrome Store that had already been installed by at least 20 million users. Unfortunately, malicious browser extensions are nothing new. They often have access to everything you do online"
2018-05-facebook-cryptocurrency-hacking-html,A New Cryptocurrency Mining Virus is Spreading Through Facebook,2018-05-01,2018,http://thehackernews.com/2018/05/facebook-cryptocurrency-hacking.html,thehackernews.com,The Hacker News,feed,https://thehackernews.com/feeds/posts/default/-/chrome%20extension?alt=json&max-results=500,chrome,malicious-extension,False,True,True,,"If you receive a link for a video, even if it looks exciting, sent by someone (or your friend) on Facebook messenger—just don't click on it without taking a second thought. Cybersecurity researchers from Trend Micro are warning users of a malicious Chrome extension which is spreading through Facebook Messenger and targeting users of cryptocurrency trading platforms to steal their accounts’"
information-technology-2018-05-malicious-chrome-extensions-infect-more-than-100000-users-again,"Malicious Chrome extensions infect 100,000-plus users, again",2018-05-10,2018,https://arstechnica.com/information-technology/2018/05/malicious-chrome-extensions-infect-more-than-100000-users-again/,arstechnica.com,Ars Technica,bing-news-rss,https://www.bing.com/news/search?q=site%3Aarstechnica.com+browser+extension+malicious&format=rss,chrome,malicious-extension,False,True,True,,"Criminals infected more than 100,000 computers with browser extensions that stole login credentials, surreptitiously mined cryptocurrencies, and engaged in click fraud. The malicious extensions were ..."
2018-05-chrome-facebook-malware-html,7 Chrome Extensions Spreading Through Facebook Caught Stealing Passwords,2018-05-11,2018,http://thehackernews.com/2018/05/chrome-facebook-malware.html,thehackernews.com,The Hacker News,feed,https://thehackernews.com/feeds/posts/default/-/chrome%20extension?alt=json&max-results=500,chrome|opera,malicious-extension,False,True,True,,"Luring users on social media to visit lookalike version of popular websites that pop-up a legitimate-looking Chrome extension installation window is one of the most common modus operandi of cybercriminals to spread malware. Security researchers are again warning users of a new malware campaign that has been active since at least March this year and has already infected more than 100,000 users"
2018-06-chrome-extension-intallation-html,Google Blocks Chrome Extension Installations From 3rd-Party Sites,2018-06-12,2018,http://thehackernews.com/2018/06/chrome-extension-intallation.html,thehackernews.com,The Hacker News,feed,https://thehackernews.com/feeds/posts/default/-/chrome%20extension?alt=json&max-results=500,chrome|chromium,other,False,True,False,,"You probably have come across many websites that let you install browser extensions without ever going to the official Chrome web store. It's a great way for users to install an extension, but now Google has decided to remove the ability for websites to offer ""inline installation"" of Chrome extensions on all platforms. Google announced today in its Chromium blog that by the"
2018-06-pythonbot-pbot-adware-html,Python-Based Adware Evolves to Install Malicious Browser Extensions,2018-06-26,2018,http://thehackernews.com/2018/06/pythonbot-pbot-adware.html,thehackernews.com,The Hacker News,feed,https://thehackernews.com/feeds/posts/default/-/chrome%20extension?alt=json&max-results=500,chrome|opera,malicious-extension,False,True,True,,"Security researchers have been warning of a few newly detected variants of python-based adware that are being distributed in the wild not only to inject ads but also found installing malicious browser extensions and hidden cryptocurrency miner into victims' computers. Dubbed PBot, or PythonBot, the adware was first uncovered more than a year ago, but since then the malware has evolved, as its"
2018-09-browser-extensions-are-they-worth-the-risk,Browser Extensions: Are They Worth the Risk?,2018-09-05,2018,https://krebsonsecurity.com/2018/09/browser-extensions-are-they-worth-the-risk/,krebsonsecurity.com,Krebs on Security,bing-news-rss,https://www.bing.com/news/search?q=site%3Akrebsonsecurity.com+browser+extension&format=rss,chrome|firefox,other,False,True,False,,Popular file-sharing site Mega.nz is warning users that cybercriminals hacked its browser extension for Google Chrome so that usernames and passwords submitted through the browser were copied and ...
2018-09-mega-file-upload-chrome-extension-html,Someone Hijacked MEGA Chrome Extension to Steal Users' Passwords,2018-09-05,2018,http://thehackernews.com/2018/09/mega-file-upload-chrome-extension.html,thehackernews.com,The Hacker News,feed,https://thehackernews.com/feeds/posts/default/-/chrome%20extension?alt=json&max-results=500,chrome|firefox,malicious-extension|supply-chain,False,True,True,,"Warning! If you are using Chrome browser extension from the MEGA file storage service, uninstall it right now. The official Chrome extension for the MEGA.nz cloud storage service had been compromised and replaced with a malicious version that can steal users' credentials for popular websites like Amazon, Microsoft, Github, and Google, as well as private keys for users' cryptocurrency wallets."
gadgets-2018-10-google-taking-new-steps-to-prevent-malicious-chrome-extensions,Google taking new steps to prevent malicious Chrome extensions,2018-10-02,2018,https://arstechnica.com/gadgets/2018/10/google-taking-new-steps-to-prevent-malicious-chrome-extensions/,arstechnica.com,Ars Technica,bing-news-rss,https://www.bing.com/news/search?q=site%3Aarstechnica.com+browser+extension+malicious&format=rss,chrome,malicious-extension,False,True,True,,Google has announced plans to further restrict Chrome extensions in a bid to crack down on the number of malicious extensions found in the Chrome Web Store. Google has already taken some steps to ...
2018-10-google-chrome-extensions-security-html,Google Announces 5 Major Security Updates for Chrome Extensions,2018-10-02,2018,http://thehackernews.com/2018/10/google-chrome-extensions-security.html,thehackernews.com,The Hacker News,feed,https://thehackernews.com/feeds/posts/default/-/chrome%20extension?alt=json&max-results=500,chrome|edge,malicious-extension,False,True,True,,"Google has made several new announcements for its Chrome Web Store that aims at making Chrome extensions more secure and transparent to its users. Over a couple of years, we have seen a significant rise in malicious extensions that appear to offer useful functionalities, while running hidden malicious scripts in the background without the user's knowledge. However, the best part is that"
2018-12-10-microsoft-edge-chrome-extensions-html,Microsoft's new Edge browser will support Chrome extensions,2018-12-10,2018,https://www.engadget.com/2018-12-10-microsoft-edge-chrome-extensions.html,engadget.com,Engadget,bing-news-rss,https://www.bing.com/news/search?q=site%3Aengadget.com+browser+extension+malicious&format=rss,chrome|chromium|edge,other,False,True,False,,"Microsoft's upcoming Chromium-based Edge browser will support Chrome's vast collection of extensions. The software's project manager, Kyle Alden, revealed the answer to the question on everyone's lips ..."
2019-02-24-chrome-extension-activity-tracking-html,Chrome may help you track rogue browser extensions,2019-02-24,2019,https://www.engadget.com/2019-02-24-chrome-extension-activity-tracking.html,engadget.com,Engadget,bing-news-rss,https://www.bing.com/news/search?q=site%3Aengadget.com+browser+extension+malicious&format=rss,chrome|edge,malicious-extension,False,True,True,,"It won't surprise you to hear that some Chrome extensions behave badly, but how do you spot malicious activity when it isn't always obvious? Google might soon have a way. Techdows has noticed a recent ..."
2019-03-01-gab-dissenter-comments-extension-html,Gab browser extension puts a far-right comments section on every site,2019-03-01,2019,https://www.engadget.com/2019-03-01-gab-dissenter-comments-extension.html,engadget.com,Engadget,bing-news-rss,https://www.bing.com/news/search?q=site%3Aengadget.com+browser+extension+malicious&format=rss,,other,False,True,False,,"Gab, the ""free speech"" social network that's become a haven for the far-right, has launched a browser extension that creates an alternative comments section for any website. The ""Dissenter"" plug-in -- ..."
2019-06-evernote-extension-hacking-html,Critical Flaw Reported in Popular Evernote Extension for Chrome Users,2019-06-13,2019,http://thehackernews.com/2019/06/evernote-extension-hacking.html,thehackernews.com,The Hacker News,feed,https://thehackernews.com/feeds/posts/default/-/chrome%20extension?alt=json&max-results=500,chrome|firefox,malicious-extension|vulnerability,False,True,True,,"Cybersecurity researchers discover a critical flaw in the popular Evernote Chrome extension that could have allowed hackers to hijack your browser and steal sensitive information from any website you accessed. Evernote is a popular service that helps people taking notes and organize their to-do task lists, and over 4,610,000 users have been using its Evernote Web Clipper Extension for Chrome"
news-security-malicious-browser-extensions-used-by-hackers-for-ad-fraud,Malicious Browser Extensions Used by Hackers for Ad Fraud,2019-07-18,2019,https://www.bleepingcomputer.com/news/security/malicious-browser-extensions-used-by-hackers-for-ad-fraud/,bleepingcomputer.com,Bleeping Computer,bing-news-rss,https://www.bing.com/news/search?q=site%3Ableepingcomputer.com+browser+extension+malicious&format=rss,chrome|firefox|opera,malicious-extension,False,True,True,,Researchers unearthed a new and highly prolific malware framework used by its creators to generate over one billion fraudulent ad impressions over a time span of just three months. The attackers used ...
2019-09-browser-chrome-extension-adblock-html,Two Widely Used Ad Blocker Extensions for Chrome Caught in Ad Fraud Scheme,2019-09-20,2019,http://thehackernews.com/2019/09/browser-chrome-extension-adblock.html,thehackernews.com,The Hacker News,feed,https://thehackernews.com/feeds/posts/default/-/chrome%20extension?alt=json&max-results=500,chrome|edge|firefox,malicious-extension,False,True,True,,"Two widely used Adblocker Google Chrome extensions, posing as the original — AdBlock and uBlock Origin — extensions on Chrome Web Store, have been caught stuffing cookies in the web browser of millions of users to generate affiliate income from referral schemes fraudulently. There's no doubt web extensions add a lot of useful features to web browsers, making your online experience great and"
2019-12-avast-and-avg-browser-plugins-html,Avast and AVG Browser Extensions Spying On Chrome and Firefox Users,2019-12-03,2019,http://thehackernews.com/2019/12/avast-and-avg-browser-plugins.html,thehackernews.com,The Hacker News,feed,https://thehackernews.com/feeds/posts/default/-/chrome%20extension?alt=json&max-results=500,chrome|firefox|opera,malicious-extension,False,True,True,,"If your Firefox or Chrome browser has any of the below-listed four extensions offered by Avast and its subsidiary AVG installed, you should disable or remove them as soon as possible. Avast Online Security AVG Online Security Avast SafePrice AVG SafePrice Why? Because these four widely installed browser extensions have been caught collecting a lot more data on its millions of users than"
information-technology-2020-01-mozilla-and-google-crack-down-on-malicious-and-abusive-browser-extensions,More than 200 browser extensions ejected from Firefox and Chrome stores,2020-01-30,2020,https://arstechnica.com/information-technology/2020/01/mozilla-and-google-crack-down-on-malicious-and-abusive-browser-extensions/,arstechnica.com,Ars Technica,bing-news-rss,https://www.bing.com/news/search?q=site%3Aarstechnica.com+browser+extension+malicious&format=rss,chrome|firefox,malicious-extension,False,True,True,,"Mozilla and Google are cracking down on malicious and abusive extensions available for the Firefox and Chrome browsers, respectively. The moves come in response to the recent detection of add-ons that ..."
2020-02-chrome-extension-malware-html,500 Chrome Extensions Caught Stealing Private Data of 1.7 Million Users,2020-02-14,2020,http://thehackernews.com/2020/02/chrome-extension-malware.html,thehackernews.com,The Hacker News,feed,https://thehackernews.com/feeds/posts/default/-/chrome%20extension?alt=json&max-results=500,chrome|edge|firefox|opera,malicious-extension,False,True,True,,"Google removed 500 malicious Chrome extensions from its Web Store after they found to inject malicious ads and siphon off user browsing data to servers under the control of attackers. These extensions were part of a malvertising and ad-fraud campaign that's been operating at least since January 2019, although evidence points out the possibility that the actor behind the scheme may have been"
2020-03-the-case-for-limiting-your-browser-extensions,The Case for Limiting Your Browser Extensions,2020-03-02,2020,https://krebsonsecurity.com/2020/03/the-case-for-limiting-your-browser-extensions/,krebsonsecurity.com,Krebs on Security,bing-news-rss,https://www.bing.com/news/search?q=site%3Akrebsonsecurity.com+browser+extension&format=rss,chrome,malicious-extension,False,True,True,,"Last week, KrebsOnSecurity reported to health insurance provider Blue Shield of California that its Web site was flagged by multiple security products as serving malicious content. Blue Shield quickly ..."
2020-04-chrome-cryptocurrency-extensions-html,49 New Google Chrome Extensions Caught Hijacking Cryptocurrency Wallets,2020-04-15,2020,http://thehackernews.com/2020/04/chrome-cryptocurrency-extensions.html,thehackernews.com,The Hacker News,feed,https://thehackernews.com/feeds/posts/default/-/chrome%20extension?alt=json&max-results=500,chrome|edge,malicious-extension,False,True,True,,"Google has ousted 49 Chrome browser extensions from its Web Store that masqueraded as cryptocurrency wallets but contained malicious code to siphon off sensitive information and empty the digital currencies. The 49 browser add-ons, potentially the work of Russian threat actors, were identified (find the list here) by researchers from MyCrypto and PhishFort. ""Essentially, the extensions"
article-1613341-secure-browsing-experience-tips-html,10 tips for a secure browsing experience,2020-05-11,2020,https://www.computerworld.com/article/1613341/secure-browsing-experience-tips.html,computerworld.com,Computerworld,bing-news-rss,https://www.bing.com/news/search?q=site%3Acomputerworld.com+browser+extension+malicious&format=rss,chrome|edge|firefox|opera,other,False,True,False,,"1. Get security browser extensions We’re going to start off contradicting ourselves, as suggestions #1 and #2 directly contradict each other. The call is yours to make. Browser extensions or add-ons ..."
tens-malicious-chrome-extensions-used-global-surveillance-campaign,Tens of Malicious Chrome Extensions Used in Global Surveillance Campaign,2020-06-18,2020,https://www.securityweek.com/tens-malicious-chrome-extensions-used-global-surveillance-campaign/,securityweek.com,SecurityWeek,bing-news-rss,https://www.bing.com/news/search?q=site%3Asecurityweek.com+browser+extension+malicious&format=rss,chrome|chromium,malicious-extension,False,True,True,,"Malicious Chrome extensions employed in a massive global surveillance campaign have been downloaded by millions before removal, Awake Security reveals. Malicious Chrome extensions employed in a ..."
2020-06-chrome-browser-extensions-spying-html,Over 100 New Chrome Browser Extensions Caught Spying On Users,2020-06-22,2020,http://thehackernews.com/2020/06/chrome-browser-extensions-spying.html,thehackernews.com,The Hacker News,feed,https://thehackernews.com/feeds/posts/default/-/chrome%20extension?alt=json&max-results=500,chrome|opera,malicious-extension,False,True,True,,"Google recently removed 106 more extensions from its Chrome Web Store after they were found illegally collecting sensitive user data as part of a ""massive global surveillance campaign"" targeting oil and gas, finance, and healthcare sectors. Awake Security, which disclosed the findings late last week, said the malicious browser add-ons were tied back to a single internet domain registrar,"
gadgets-2020-11-fraudulent-add-ons-infiltrate-the-official-microsoft-edge-store,Abusive add-ons aren’t just a Chrome and Firefox problem. Now it’s Edge’s turn,2020-11-20,2020,https://arstechnica.com/gadgets/2020/11/fraudulent-add-ons-infiltrate-the-official-microsoft-edge-store/,arstechnica.com,Ars Technica,bing-news-rss,https://www.bing.com/news/search?q=site%3Aarstechnica.com+browser+extension+malicious&format=rss,chrome|edge|firefox,malicious-extension,False,True,True,,"For years, Google and Mozilla have battled to keep abusive or outright malicious browser extensions from infiltrating their official repositories. Now, Microsoft is taking up the fight. Over the past ..."
information-technology-2020-12-up-to-3-million-devices-infected-by-malware-laced-chrome-and-edge-add-ons,Up to 3 million devices infected by malware-laced Chrome and Edge add-ons,2020-12-16,2020,https://arstechnica.com/information-technology/2020/12/up-to-3-million-devices-infected-by-malware-laced-chrome-and-edge-add-ons/,arstechnica.com,Ars Technica,bing-news-rss,https://www.bing.com/news/search?q=site%3Aarstechnica.com+browser+extension+malicious&format=rss,chrome|edge|firefox|opera,malicious-extension,False,True,True,,"As many as 3 million people have been infected by Chrome and Edge browser extensions that steal personal data and redirect users to ad or phishing sites, a security firm said on Wednesday. In all, ..."
news-malicious-chrome-edge-extensions,Malicious Chrome and Edge Extensions Affect Millions of Users,2020-12-16,2020,https://www.infosecurity-magazine.com/news/malicious-chrome-edge-extensions/,infosecurity-magazine.com,Infosecurity-magazine.com,bing-news-rss,https://www.bing.com/news/search?q=site%3Ainfosecurity-magazine.com+browser+extension+malicious&format=rss,chrome|edge|opera,malicious-extension,False,True,True,,Three million Google Chrome and Microsoft Edge users could be at risk of data theft and phishing after researchers discovered malware hidden in multiple browser extensions. At least 28 third-party ...
millions-users-downloaded-28-malicious-chrome-and-edge-extensions,Millions of Users Downloaded 28 Malicious Chrome and Edge Extensions,2020-12-17,2020,https://www.securityweek.com/millions-users-downloaded-28-malicious-chrome-and-edge-extensions/,securityweek.com,SecurityWeek,bing-news-rss,https://www.bing.com/news/search?q=site%3Asecurityweek.com+browser+extension+malicious&format=rss,chrome|edge|opera,malicious-extension,False,True,True,,"Malware hidden in 28 third-party extensions for Google Chrome and Microsoft Edge redirects users to ads or phishing sites, Avast warned this week. Distributed through official app stores, the ..."
information-technology-2021-02-malicious-chrome-and-edge-add-ons-had-a-novel-way-to-hide-on-3-million-devices,Malicious Chrome and Edge add-ons had a novel way to hide on 3 million devices,2021-02-03,2021,https://arstechnica.com/information-technology/2021/02/malicious-chrome-and-edge-add-ons-had-a-novel-way-to-hide-on-3-million-devices/,arstechnica.com,Ars Technica,bing-news-rss,https://www.bing.com/news/search?q=site%3Aarstechnica.com+browser+extension+malicious&format=rss,chrome|edge,malicious-extension,False,True,True,,"In December, Ars reported that as many as 3 million people had been infected by Chrome and Edge browser extensions that stole personal data and redirected users to ad or phishing sites. Now, the ..."
news-chinese-hackers-tibet-malicious,Chinese Hackers Target Tibetans with Malicious Firefox Extension,2021-02-25,2021,https://www.infosecurity-magazine.com/news/chinese-hackers-tibet-malicious/,infosecurity-magazine.com,Infosecurity-magazine.com,bing-news-rss,https://www.bing.com/news/search?q=firefox+extension+malicious&format=rss,edge|firefox|opera,malicious-extension,False,True,False,,"Chinese Communist Party-backed hackers have been spying on Tibetan activists via a malicious new Firefox extension, according to Proofpoint. The security vendor explained that it had seen low-level ..."
malicious-mozilla-firefox-gmail-164263,Malicious Mozilla Firefox Extension Allows Gmail Takeover,2021-02-25,2021,https://threatpost.com/malicious-mozilla-firefox-gmail/164263/,threatpost.com,Threat Post,bing-news-rss,https://www.bing.com/news/search?q=firefox+extension+malicious&format=rss,firefox,malicious-extension,False,True,True,,"The malicious extension, FriarFox, snoops in on both Firefox and Gmail-related data. A newly uncovered cyberattack is taking control of victims’ Gmail accounts, by using a customized, malicious ..."
article-chinese-cyberspies-targeted-tibetans-with-a-malicious-firefox-add-on,Chinese cyberspies targeted Tibetans with a malicious Firefox add-on,2021-02-25,2021,https://www.zdnet.com/article/chinese-cyberspies-targeted-tibetans-with-a-malicious-firefox-add-on/,zdnet.com,ZDNet,bing-news-rss,https://www.bing.com/news/search?q=firefox+extension+malicious&format=rss,firefox,malicious-extension,False,True,True,,Chinese state-sponsored hackers have gone after Tibetan organizations across the world using a malicious Firefox add-on that was configured to steal Gmail and Firefox browser data and then download ...
news-security-malicious-firefox-extension-allowed-hackers-to-hijack-gmail-accounts,Malicious Firefox extension allowed hackers to hijack Gmail accounts,2021-02-26,2021,https://www.bleepingcomputer.com/news/security/malicious-firefox-extension-allowed-hackers-to-hijack-gmail-accounts/,bleepingcomputer.com,Bleeping Computer,bing-news-rss,https://www.bing.com/news/search?q=firefox+extension+malicious&format=rss,firefox|opera,malicious-extension,False,True,True,,Several Tibetan organizations were targeted in a cyber-espionage campaign by a state-backed hacking group using a malicious Firefox extension designed to hijack Gmail accounts and infect victims with ...
2021-03-is-your-browser-extension-a-botnet-backdoor,Is Your Browser Extension a Botnet Backdoor?,2021-03-01,2021,https://krebsonsecurity.com/2021/03/is-your-browser-extension-a-botnet-backdoor/,krebsonsecurity.com,Krebs on Security,bing-news-rss,https://www.bing.com/news/search?q=site%3Akrebsonsecurity.com+browser+extension&format=rss,chrome,malicious-extension,False,True,False,,A company that rents out access to more than 10 million Web browsers so that clients can hide their true Internet addresses has built its network by paying browser extension makers to quietly include ...
1-password-touch-id-windows-hello-browser-203739970-html,Now you can unlock 1Password's browser extension without your password,2021-05-26,2021,https://www.engadget.com/1-password-touch-id-windows-hello-browser-203739970.html,engadget.com,Engadget,bing-news-rss,https://www.bing.com/news/search?q=site%3Aengadget.com+browser+extension+malicious&format=rss,,other,False,True,False,,"When it comes to password managers, their mobile apps tend to get the most attention. But just as important are the browser extensions they offer. They can make or break the experience of using that ..."
w3c-browser-webextensions-community-group-035312365-html,"Apple, Google, Microsoft and Mozilla team up for a 'common vision' on extensions",2021-06-04,2021,https://www.engadget.com/w3c-browser-webextensions-community-group-035312365.html,engadget.com,Engadget,bing-news-rss,https://www.bing.com/news/search?q=site%3Aengadget.com+browser+extension+malicious&format=rss,chrome|chromium|edge|firefox,other,False,True,False,,"The major browser makers — Apple, Google, Microsoft and Mozilla — are working together ""to advance a common browser extension platform."" This newly formed WebExtensions Community Group explained what ..."
news-security-malicious-safepal-wallet-firefox-add-on-stole-cryptocurrency,Malicious 'Safepal Wallet' Firefox add-on stole cryptocurrency,2021-09-27,2021,https://www.bleepingcomputer.com/news/security/malicious-safepal-wallet-firefox-add-on-stole-cryptocurrency/,bleepingcomputer.com,Bleeping Computer,bing-news-rss,https://www.bing.com/news/search?q=firefox+extension+malicious&format=rss,firefox,malicious-extension,False,True,True,,"A malicious Firefox add-on named ""Safepal Wallet"" scammed users by emptying out their wallets and lived on the Mozilla add-ons store for seven months. Safepal is a cryptocurrency wallet application ..."
2022-03-heres-how-to-find-if-whatsapp-web-code-html,Here's How to Find if WhatsApp Web Code on Your Browser Has Been Hacked,2022-03-11,2022,http://thehackernews.com/2022/03/heres-how-to-find-if-whatsapp-web-code.html,thehackernews.com,The Hacker News,feed,https://thehackernews.com/feeds/posts/default/-/chrome%20extension?alt=json&max-results=500,chrome|edge|firefox,other,False,True,False,,"Meta Platforms' WhatsApp and Cloudflare have banded together for a new initiative called Code Verify to validate the authenticity of the messaging service's web app on desktop computers. Available in the form of a Chrome and Edge browser extension, the open-source add-on is designed to ""automatically verif[y] the authenticity of the WhatsApp Web code being served to your browser,"""
2022-07-experts-uncover-350-browser-extension-html,Experts Uncover 350 Browser Extension Variants Used in ABCsoup Adware Campaign,2022-07-08,2022,http://thehackernews.com/2022/07/experts-uncover-350-browser-extension.html,thehackernews.com,The Hacker News,feed,https://thehackernews.com/feeds/posts/default/-/chrome%20extension?alt=json&max-results=500,chrome|firefox|opera,malicious-extension,False,True,True,,"A malicious browser extension with 350 variants is masquerading as a Google Translate add-on as part of an adware campaign targeting Russian users of Google Chrome, Opera, and Mozilla Firefox browsers. Mobile security firm Zimperium dubbed the malware family ABCsoup, stating the ""extensions are installed onto a victim's machine via a Windows-based executable, bypassing most endpoint"
2022-07-north-korean-hackers-using-malicious-html,North Korean Hackers Using Malicious Browser Extension to Spy on Email Accounts,2022-07-30,2022,http://thehackernews.com/2022/07/north-korean-hackers-using-malicious.html,thehackernews.com,The Hacker News,feed,https://thehackernews.com/feeds/posts/default/-/chrome%20extension?alt=json&max-results=500,chrome|chromium|edge|opera,malicious-extension,False,True,True,,"A threat actor operating with interests aligned with North Korea has been deploying a malicious extension on Chromium-based web browsers that's capable of stealing email content from Gmail and AOL. Cybersecurity firm Volexity attributed the malware to an activity cluster it calls SharpTongue, which is said to share overlaps with an adversarial collective publicly referred to under"
news-security-malicious-browser-extensions-targeted-almost-7-million-people,Malicious browser extensions targeted almost 7 million people,2022-08-16,2022,https://www.bleepingcomputer.com/news/security/malicious-browser-extensions-targeted-almost-7-million-people/,bleepingcomputer.com,Bleeping Computer,bing-news-rss,https://www.bing.com/news/search?q=site%3Ableepingcomputer.com+browser+extension+malicious&format=rss,,malicious-extension,False,True,True,,"Almost 7 million users have attempted to install malicious browser extensions since 2020, with 70% of those extensions used as adware to target users with advertisements. The most common payloads ..."
2022-08-malicious-browser-extensions-targeted-html,Malicious Browser Extensions Targeted Over a Million Users So Far This Year,2022-08-17,2022,http://thehackernews.com/2022/08/malicious-browser-extensions-targeted.html,thehackernews.com,The Hacker News,feed,https://thehackernews.com/feeds/posts/default/-/chrome%20extension?alt=json&max-results=500,chrome|firefox|opera,malicious-extension,False,True,True,,"More than 1.31 million users attempted to install malicious or unwanted web browser extensions at least once, new findings from cybersecurity firm Kaspersky show. ""From January 2020 to June 2022, more than 4.3 million unique users were attacked by adware hiding in browser extensions, which is approximately 70% of all users affected by malicious and unwanted add-ons,"" the company said. As"
2022-08-experts-find-malicious-cookie-stuffing-html,Experts Find Malicious Cookie Stuffing Chrome Extensions Used by 1.4 Million Users,2022-08-31,2022,http://thehackernews.com/2022/08/experts-find-malicious-cookie-stuffing.html,thehackernews.com,The Hacker News,feed,https://thehackernews.com/feeds/posts/default/-/chrome%20extension?alt=json&max-results=500,chrome,malicious-extension,False,True,True,,"Five imposter extensions for the Google Chrome web browser masquerading as Netflix viewers and others have been found to track users' browsing activity and profit off retail affiliate programs. ""The extensions offer various functions such as enabling users to watch Netflix shows together, website coupons, and taking screenshots of a website,"" McAfee researchers Oliver Devane and Vallabh Chole&"
news-security-malicious-extension-lets-attackers-control-google-chrome-remotely,Malicious extension lets attackers control Google Chrome remotely,2022-11-08,2022,https://www.bleepingcomputer.com/news/security/malicious-extension-lets-attackers-control-google-chrome-remotely/,bleepingcomputer.com,Bleeping Computer,bing-news-rss,https://www.bing.com/news/search?q=site%3Ableepingcomputer.com+browser+extension+malicious&format=rss,chrome|chromium|edge|firefox|opera,malicious-extension,False,True,True,,"A new Chrome browser botnet named 'Cloud9' has been discovered in the wild using malicious extensions to steal online accounts, log keystrokes, inject ads and malicious JS code, and enlist the ..."
browser-extension-tells-you-who-paid-for-twitter-verification-012103388-html,This browser extension tells you who paid for Twitter verification,2022-11-10,2022,https://www.engadget.com/browser-extension-tells-you-who-paid-for-twitter-verification-012103388.html,engadget.com,Engadget,bing-news-rss,https://www.bing.com/news/search?q=site%3Aengadget.com+browser+extension+malicious&format=rss,chrome|edge|firefox,other,False,True,False,,"This new browser extension can tell you if a Twitter account is officially verified, or verified through a Twitter Blue subscription (Walter Lim) Twitter verification is now just $8 away, but that ..."
2022-11-this-malware-installs-malicious-browser-html,This Malware Installs Malicious Browser Extensions to Steal Users' Passwords and Cryptos,2022-11-22,2022,http://thehackernews.com/2022/11/this-malware-installs-malicious-browser.html,thehackernews.com,The Hacker News,feed,https://thehackernews.com/feeds/posts/default/-/chrome%20extension?alt=json&max-results=500,brave|chrome|chromium|edge|opera,malicious-extension,False,True,True,,"A malicious extension for Chromium-based web browsers has been observed to be distributed via a long-standing Windows information stealer called ViperSoftX. Czech-based cybersecurity company dubbed the rogue browser add-on VenomSoftX owing to its standalone features that enable it to access website visits, steal credentials and clipboard data, and even swap cryptocurrency addresses via an"
2023-03-fake-chatgpt-chrome-extension-hijacking-html,Fake ChatGPT Chrome Extension Hijacking Facebook Accounts for Malicious Advertising,2023-03-13,2023,http://thehackernews.com/2023/03/fake-chatgpt-chrome-extension-hijacking.html,thehackernews.com,The Hacker News,feed,https://thehackernews.com/feeds/posts/default/-/chrome%20extension?alt=json&max-results=500,chrome,ai-related|malicious-extension,False,True,True,,"A fake ChatGPT-branded Chrome browser extension has been found to come with capabilities to hijack Facebook accounts and create rogue admin accounts, highlighting one of the different methods cyber criminals are using to distribute malware. ""By hijacking high-profile Facebook business accounts, the threat actor creates an elite army of Facebook bots and a malicious paid media apparatus,"" Guardio"
cyberattacks-data-breaches-malicious-chatgpt-extensions-add-to-google-chrome-woes,Malicious ChatGPT Extensions Add to Google Chrome Woes,2023-03-23,2023,https://www.darkreading.com/cyberattacks-data-breaches/malicious-chatgpt-extensions-add-to-google-chrome-woes,darkreading.com,Dark Reading,bing-news-rss,https://www.bing.com/news/search?q=chrome+extension+malicious&format=rss,chrome|edge|opera,ai-related|malicious-extension,False,True,True,,"Yet another version of the malicious, Facebook account-stealing ChatGPT browser extension for Google Chrome has emerged, representing a new variant in a campaign affecting thousands of users daily."
news-security-malicious-chrome-extensions-with-75m-installs-removed-from-web-store,Malicious Chrome extensions with 75M installs removed from Web Store,2023-06-02,2023,https://www.bleepingcomputer.com/news/security/malicious-chrome-extensions-with-75m-installs-removed-from-web-store/,bleepingcomputer.com,Bleeping Computer,bing-news-rss,https://www.bing.com/news/search?q=chrome+extension+malicious&format=rss,chrome|opera,malicious-extension,False,True,True,,"Google has removed from the Chrome Web Store 32 malicious extensions that could alter search results and push spam or unwanted ads. Collectively, they come with a download count of 75 million. The ..."
blog-malicious-chrome-extensions-you-should-remove-from-your-browser,Malicious Chrome Extensions You Should Remove from Your Browser | LayerX,2023-07-15,2023,https://layerxsecurity.com/blog/malicious-chrome-extensions-you-should-remove-from-your-browser/,layerxsecurity.com,LayerX Security,sitemap,https://layerxsecurity.com/sitemap-posts.xml,chrome|edge|opera,malicious-extension|vulnerability,False,True,True,,"Chrome extensions are small software programs that can be added to the Google Chrome web browser to enhance its functionality and customize their browsing experience. They are typically developed by third-party developers and can be found in the Chrome Web Store. But while Chrome extensions offer numerous benefits, they can also pose potential vulnerabilities to […]"
2023-08-new-version-of-rilide-data-theft-html,New Version of Rilide Data Theft Malware Adapts to Chrome Extension Manifest V3,2023-08-03,2023,http://thehackernews.com/2023/08/new-version-of-rilide-data-theft.html,thehackernews.com,The Hacker News,feed,https://thehackernews.com/feeds/posts/default/-/chrome%20extension?alt=json&max-results=500,chrome|chromium|opera,malicious-extension,False,True,True,,"Cybersecurity researchers have discovered a new version of malware called Rilide that targets Chromium-based web browsers to steal sensitive data and steal cryptocurrency. ""It exhibits a higher level of sophistication through modular design, code obfuscation, adoption to the Chrome Extension Manifest V3, and additional features such as the ability to exfiltrate stolen data to a"
2023-08-google-chromes-new-feature-alerts-users-html,Google Chrome's New Feature Alerts Users About Auto-Removal of Malicious Extensions,2023-08-18,2023,http://thehackernews.com/2023/08/google-chromes-new-feature-alerts-users.html,thehackernews.com,The Hacker News,feed,https://thehackernews.com/feeds/posts/default/-/chrome%20extension?alt=json&max-results=500,chrome|chromium,malicious-extension,False,True,True,,"Google has announced plans to add a new feature in the upcoming version of its Chrome web browser to proactively alert users when an extension they have installed has been removed from the Chrome Web Store. The feature, set for release alongside Chrome 117, allows users to be notified when an add-on has been unpublished by a developer, taken down for violating Chrome Web Store policy, or marked"
news-chrome-feature-alerts-malicious,New Chrome Feature Alerts Users About Malicious Extensions,2023-08-20,2023,https://www.infosecurity-magazine.com/news/chrome-feature-alerts-malicious/,infosecurity-magazine.com,Infosecurity-magazine.com,bing-news-rss,https://www.bing.com/news/search?q=site%3Ainfosecurity-magazine.com+browser+extension+malicious&format=rss,chrome|chromium|edge|opera,malicious-extension,False,True,True,,Google has announced an update set to be introduced in Chrome 117. This new feature aims to proactively inform users when an extension they have installed is no longer available on the Chrome Web ...
news-security-layerx-enterprise-browser-security-extension-secure-the-modern-workspace,LayerX Enterprise Browser Security Extension – Secure the Modern Workspace,2023-11-01,2023,https://www.bleepingcomputer.com/news/security/layerx-enterprise-browser-security-extension-secure-the-modern-workspace/,bleepingcomputer.com,Bleeping Computer,bing-news-rss,https://www.bing.com/news/search?q=site%3Ableepingcomputer.com+browser+extension+malicious&format=rss,,other,False,True,False,,"The browser has become the main work interface in modern enterprises. It’s where employees create and interact with data, and how they access organizational and external SaaS and web apps. As a result ..."
blog-malicious-browser-extensions-threats-and-security-solutions,Malicious Browser Extensions: Threats and Security Solutions - LayerX,2023-12-06,2023,https://layerxsecurity.com/blog/malicious-browser-extensions-threats-and-security-solutions/,layerxsecurity.com,LayerX Security,sitemap,https://layerxsecurity.com/sitemap-posts.xml,chrome|opera,malicious-extension,False,True,True,,"In 2019, a network of browser extensions, primarily for Chrome, was revealed to have been scraping sensitive data from as many as four million users. The scraped data included PII, browsing history, medical information, and more. The data was then monetized through a commercialization scheme. This breach became known as the DataSpii incident, and it […]"
articles-299982-20231222-researchers-discover-malicious-chrome-extensions-disguised-fake-vpn-htm,Researchers Discover Malicious Chrome Extensions Disguised as Fake VPN,2023-12-22,2023,https://www.techtimes.com/articles/299982/20231222/researchers-discover-malicious-chrome-extensions-disguised-fake-vpn.htm,techtimes.com,techtimes,bing-news-rss,https://www.bing.com/news/search?q=chrome+extension+malicious&format=rss,chrome|edge,malicious-extension,False,True,True,,"Cybersecurity researchers at ReasonLabs have discovered the presence of three fake Chrome extensions that are masquerading as VPNs. While it's easier to get fooled by the ads on the internet, the same ..."
2024-06-kimsuky-using-translatext-chrome-html,Kimsuky Using TRANSLATEXT Chrome Extension to Steal Sensitive Data,2024-06-28,2024,http://thehackernews.com/2024/06/kimsuky-using-translatext-chrome.html,thehackernews.com,The Hacker News,feed,https://thehackernews.com/feeds/posts/default/-/chrome%20extension?alt=json&max-results=500,chrome,malicious-extension,False,True,True,,"The North Korea-linked threat actor known as Kimsuky has been linked to the use of a new malicious Google Chrome extension that's designed to steal sensitive information as part of an ongoing intelligence collection effort. Zscaler ThreatLabz, which observed the activity in early March 2024, has codenamed the extension TRANSLATEXT, highlighting its ability to gather email addresses, usernames,"
article-3481519-what-windows-users-need-to-know-about-chromes-browser-extension-shakeup-html,What Windows users need to know about Chrome's browser extension shakeup,2024-08-06,2024,https://www.computerworld.com/article/3481519/what-windows-users-need-to-know-about-chromes-browser-extension-shakeup.html,computerworld.com,Computerworld,bing-news-rss,https://www.bing.com/news/search?q=site%3Acomputerworld.com+browser+extension+malicious&format=rss,chrome|firefox,other,False,True,False,,"If you’re a Windows user who relies on Google Chrome, get ready: your favorite browser is about to cull your extensions. The Chrome browser is now displaying a message saying some extensions “may soon ..."
computing-proton-vpns-browser-extension-is-now-free-for-all-users-100049528-html,Proton VPN's browser extension is now free for all users,2024-08-14,2024,https://www.engadget.com/computing/proton-vpns-browser-extension-is-now-free-for-all-users-100049528.html,engadget.com,Engadget,bing-news-rss,https://www.bing.com/news/search?q=site%3Aengadget.com+browser+extension+malicious&format=rss,chrome|chromium|firefox,other,False,True,False,,You can now get and use Proton VPN's browser extension even if you're not a paying user. The extension used to only be accessible if you're on one of the service's ...
articles-24-08-16-banshee-stealer-malware-haunts-browser-extensions-on-macos,Banshee Stealer malware aims to rob data from macOS browser extensions,2024-08-16,2024,https://appleinsider.com/articles/24/08/16/banshee-stealer-malware-haunts-browser-extensions-on-macos,appleinsider.com,AppleInsider,bing-news-rss,https://www.bing.com/news/search?q=browser+extension+malicious+update&format=rss,brave|chrome|edge|firefox|opera,malicious-extension,False,True,True,,"Security researchers have discovered a new malware for macOS, which can be used to attack over 100 browser extensions that may be installed on the target Mac. Apple tries hard to make macOS and its ..."
tech-new-russian-threat-targets-over-100-apple-macos-browser-extensions,New Russian threat targets over 100 Apple macOS browser extensions,2024-08-19,2024,https://www.foxnews.com/tech/new-russian-threat-targets-over-100-apple-macos-browser-extensions,foxnews.com,Fox News,bing-news-rss,https://www.bing.com/news/search?q=browser+extension+vulnerability&format=rss,brave|chrome|edge|firefox|opera,malicious-extension|vulnerability,False,True,True,,"Apple Macs are considered comparatively safer than Windows. This remains true, as in the past few months, we’ve noticed numerous malware and vulnerabilities affecting Windows laptops. However, a ..."
cyberhaven-hack-google-chrome-extension,Cyber startup employee hacked to distribute malicious Chrome extension,2024-12-26,2024,https://therecord.media/cyberhaven-hack-google-chrome-extension,therecord.media,The Record,bing-news-rss,https://www.bing.com/news/search?q=site%3Atherecord.media+browser+extension+malicious&format=rss,chrome|opera,malicious-extension|supply-chain,False,True,True,,"An unidentified threat actor has compromised an administrative account of a data security startup, using it to distribute a malicious update for its Chrome browser extension. Swiss-founded security ..."
technology-cybersecurity-data-loss-prevention-company-cyberhaven-hit-by-breach-statement-says-2024-12-27,"Hackers hijack a wide range of companies' Chrome extensions, experts say",2024-12-27,2024,https://www.reuters.com/technology/cybersecurity/data-loss-prevention-company-cyberhaven-hit-by-breach-statement-says-2024-12-27/,reuters.com,Reuters,bing-news-rss,https://www.bing.com/news/search?q=browser+extension+compromised+publisher&format=rss,chrome,malicious-extension|supply-chain,False,True,True,,"Dec 27 - Hackers have compromised several different companies' Chrome browser extensions in a series of intrusions dating back to mid-December, according to one of the victims and experts who have ..."
2024-12-27-cyberhaven-says-it-was-hacked-to-publish-a-malicious-update-to-its-chrome-extension,Cyber firm's Chrome extension hijacked to steal user passwords | TechCrunch,2024-12-27,2024,https://techcrunch.com/2024/12/27/cyberhaven-says-it-was-hacked-to-publish-a-malicious-update-to-its-chrome-extension/,techcrunch.com,TechCrunch,bing-news-rss,https://www.bing.com/news/search?q=browser+extension+compromised+publisher&format=rss,chrome,malicious-extension|supply-chain,False,True,True,,"Data-loss prevention startup Cyberhaven says hackers published a malicious update to its Chrome extension that was capable of stealing customer passwords and session tokens, according to an email sent ..."
cybersecurity-hackers-injected-malicious-code-into-several-chrome-extensions-in-recent-attack-220648155-html,Hackers injected malicious code into several Chrome extensions in recent attack,2024-12-29,2024,https://www.engadget.com/cybersecurity/hackers-injected-malicious-code-into-several-chrome-extensions-in-recent-attack-220648155.html,engadget.com,Engadget,bing-news-rss,https://www.bing.com/news/search?q=chrome+extension+malicious&format=rss,chrome,malicious-extension|supply-chain,False,True,True,,Hackers were reportedly able to modify several Chrome extensions with malicious code this month after gaining access to admin accounts through a phishing campaign. The cybersecurity company Cyberhaven ...
2024-12-16-chrome-extensions-hacked-exposing-html,"Dozens of Chrome Extensions Hacked, Exposing Millions of Users to Data Theft",2024-12-29,2024,http://thehackernews.com/2024/12/16-chrome-extensions-hacked-exposing.html,thehackernews.com,The Hacker News,feed,https://thehackernews.com/feeds/posts/default/-/chrome%20extension?alt=json&max-results=500,chrome,malicious-extension|supply-chain,False,True,True,,"A new attack campaign has targeted known Chrome browser extensions, leading to at least 35 extensions being compromised and exposing over 2.6 million users to data exposure and credential theft. The attack targeted publishers of browser extensions on the Chrome Web Store via a phishing campaign and used their access permissions to insert malicious code into legitimate extensions in order to"
blog-attack-campaign-targeting-browser-extensions,"Attack Campaign Targeting Browser Extensions: What Happened, Who’s Impacted, How to Protect Yourself, and How LayerX Can Help (Rolling Updates) - LayerX",2024-12-30,2024,https://layerxsecurity.com/blog/attack-campaign-targeting-browser-extensions/,layerxsecurity.com,LayerX Security,sitemap,https://layerxsecurity.com/sitemap-posts.xml,chrome|chromium,other,False,True,False,,"Home Blog Attack Campaign Targeting Browser Extensions: What Happened, Who’s Impacted, How to Protect Yourself, and How LayerX Can Help (Rolling Updates) Attack Campaign Targeting Browser Extensions: What Happened, Who’s Impacted, How to Protect Yourself, and How LayerX Can Help (Rolling Updates) Or Eshed Published - December 30, 2024 Share: Last updated: December 30th, 2024 This blog thread is tracking the unfolding global attack campaign targeting browser extensions on the Chrome Web Store. We will update new details as they become available."
2024-12-when-good-extensions-go-bad-takeaways-html,When Good Extensions Go Bad: Takeaways from the Campaign Targeting Browser Extensions,2024-12-30,2024,http://thehackernews.com/2024/12/when-good-extensions-go-bad-takeaways.html,thehackernews.com,The Hacker News,feed,https://thehackernews.com/feeds/posts/default/-/chrome%20extension?alt=json&max-results=500,chrome|opera,malicious-extension|supply-chain,False,True,True,,"News has been making headlines over the weekend of the extensive attack campaign targeting browser extensions and injecting them with malicious code to steal user credentials. Currently, over 25 extensions, with an install base of over two million users, have been found to be compromised, and customers are now working to figure out their exposure (LayerX, one of the companies involved in"
news-chrome-browser-extensions-hijacked,Dozens of Chrome Browser Extensions Hijacked by Data Thieves,2025-01-01,2025,https://www.infosecurity-magazine.com/news/chrome-browser-extensions-hijacked/,infosecurity-magazine.com,Infosecurity-magazine.com,bing-news-rss,https://www.bing.com/news/search?q=browser+extension+compromised+publisher&format=rss,chrome|edge|opera,malicious-extension|supply-chain,False,True,True,,Security researchers have warned users of Google Chrome extensions to be on their guard after uncovering a major campaign focused on data theft. At least 36 compromised Chrome extensions have been ...
hackers-target-vpn-ai-extensions-google-chrome-malicious-updates,Hackers target dozens of VPN and AI extensions for Google Chrome to compromise data,2025-01-01,2025,https://therecord.media/hackers-target-vpn-ai-extensions-google-chrome-malicious-updates,therecord.media,The Record,bing-news-rss,https://www.bing.com/news/search?q=site%3Atherecord.media+browser+extension+malicious&format=rss,chrome,ai-related|malicious-extension,False,True,True,,"Cybersecurity researchers have uncovered dozens of attacks that involve malicious updates for Chrome browser extensions, one week after a security firm was compromised in a similar incident. As of ..."
security-2025-01-dozens-of-backdoored-chrome-extensions-discovered-on-2-6-million-devices,Time to check if you ran any of these 33 malicious Chrome extensions,2025-01-02,2025,https://arstechnica.com/security/2025/01/dozens-of-backdoored-chrome-extensions-discovered-on-2-6-million-devices/,arstechnica.com,Ars Technica,bing-news-rss,https://www.bing.com/news/search?q=site%3Aarstechnica.com+browser+extension+malicious&format=rss,chrome,malicious-extension,False,True,True,,"As many of us celebrated the year-end holidays, a small group of researchers worked overtime tracking a startling discovery: At least 33 browser extensions hosted in Google’s Chrome Web Store, some ..."
application-security-chrome-extension-compromises-highlight-software-supply-challenges,Chrome Compromises Highlight Software Supply Challenges,2025-01-02,2025,https://www.darkreading.com/application-security/chrome-extension-compromises-highlight-software-supply-challenges,darkreading.com,Dark Reading,bing-news-rss,https://www.bing.com/news/search?q=browser+extension+supply+chain&format=rss,chrome|edge|opera,other,False,True,True,,"On Christmas Eve, developers at data detection and response firm Cyberhaven received a troubling email that seemed to come from Google, threatening to remove access to the company's Chrome extension ..."
tech-hacked-chrome-extensions-put-2-6-million-users-risk-data-leak,Hacked Chrome extensions put 2.6 million users at risk of data leak,2025-01-06,2025,https://www.foxnews.com/tech/hacked-chrome-extensions-put-2-6-million-users-risk-data-leak,foxnews.com,Fox News,bing-news-rss,https://www.bing.com/news/search?q=browser+extension+compromised+publisher&format=rss,chrome,supply-chain,False,True,False,,"Your web browser is an ecosystem of its own. It stores your passwords, search history, financial details like credit card numbers, addresses and more. Just like how ..."
news-security-malicious-browser-extensions-are-the-next-frontier-for-identity-attacks,Malicious Browser Extensions are the Next Frontier for Identity Attacks,2025-01-07,2025,https://www.bleepingcomputer.com/news/security/malicious-browser-extensions-are-the-next-frontier-for-identity-attacks/,bleepingcomputer.com,Bleeping Computer,bing-news-rss,https://www.bing.com/news/search?q=browser+extension+malicious&format=rss,chrome,malicious-extension,False,True,True,,The recent attack campaign targeting browser extensions shows that malicious browser extensions are the next frontier for identity attacks. More than 2.6 million users across thousands of ...
news-full-browser-device-takeover,Syncjacking Attack Enables Full Browser and Device Takeover,2025-01-29,2025,https://www.infosecurity-magazine.com/news/full-browser-device-takeover/,infosecurity-magazine.com,Infosecurity-magazine.com,bing-news-rss,https://www.bing.com/news/search?q=site%3Ainfosecurity-magazine.com+browser+extension+malicious&format=rss,chrome|edge|opera,malicious-extension,False,True,True,,"Security researchers have warned of a new attack which could enable malicious extensions to gain full control of a targeted browser and device, with minimal user interaction. SquareX said that, until ..."
news-security-malicious-chrome-extensions-can-spoof-password-managers-in-new-attack,Malicious Chrome extensions can spoof password managers in new attack,2025-03-06,2025,https://www.bleepingcomputer.com/news/security/malicious-chrome-extensions-can-spoof-password-managers-in-new-attack/,bleepingcomputer.com,Bleeping Computer,bing-news-rss,https://www.bing.com/news/search?q=browser+extension+malicious&format=rss,chrome,malicious-extension,False,True,True,,"A newly devised ""polymorphic"" attack allows malicious Chrome extensions to morph into other browser extensions, including password managers, crypto wallets, and banking apps, to steal sensitive ..."
polymorphic-extensions-the-silent-data-thieves,This Browser Hack Can Steal Everything : Polymorphic Extensions,2025-03-11,2025,https://www.geeky-gadgets.com/polymorphic-extensions-the-silent-data-thieves/,geeky-gadgets.com,Geeky Gadgets,bing-news-rss,https://www.bing.com/news/search?q=browser+extension+vulnerability&format=rss,edge,malicious-extension,False,True,True,,A recent security demonstration has revealed a sophisticated cyberattack targeting browser extensions known as “polymorphic extensions.” These malicious tools exploit the permissions granted to ...
tech-dangerous-chrome-extensions-mimic-password-managers,Dangerous Chrome extensions mimic password managers,2025-03-13,2025,https://www.foxnews.com/tech/dangerous-chrome-extensions-mimic-password-managers,foxnews.com,Fox News,bing-news-rss,https://www.bing.com/news/search?q=browser+extension+malicious&format=rss,chrome|edge|firefox,other,False,True,False,,"Chrome extensions are incredibly useful, whether you want to block ads, track the best deals or enhance your browsing experience. They can be downloaded from the Chrome Web Store, which functions like ..."
2025-03-237454-private-keys-may-be-exposed-via-critical-vulnerability-in-switchomega-a-chrome-proxy-switching-extension-report,"Private Keys May Be Exposed Via Critical Vulnerability In SwitchOmega, A Chrome Proxy-Switching Extension - Report | Crowdfund Insider",2025-03-17,2025,https://www.crowdfundinsider.com/2025/03/237454-private-keys-may-be-exposed-via-critical-vulnerability-in-switchomega-a-chrome-proxy-switching-extension-report/,crowdfundinsider.com,Crowdfund Insider,bing-news-rss,https://www.bing.com/news/search?q=browser+extension+vulnerability&format=rss,chrome|opera,vulnerability,False,True,True,,"Blockchain security firm SlowMist released a detailed report exposing a critical vulnerability in SwitchyOmega, a widely used Chrome proxy-switching extension, highlighting its potential to steal ..."
blog-security-alert-christmas-day-chrome-extension-compromise,Security alert: Christmas Day Chrome extension compromise,2025-03-24,2025,https://expel.com/blog/security-alert-christmas-day-chrome-extension-compromise/,expel.com,Expel,sitemap,https://expel.com/post-sitemap.xml,chrome|edge|firefox,supply-chain,False,True,True,,"BLOG | RAPID RESPONSE Security alert: Christmas Day Chrome extension compromise Subscribe × MktoForms2.loadForm(""//info.expel.com"", ""986-VWL-068"", 1036); MktoForms2.whenReady(function (form){ //Add an onSuccess handler form.onSuccess(function(values, followUpUrl){ // GTM event for tracking window.dataLayer.push({ ""event"": ""mkto.form.success"", ""mkto.form.values"": values, ""conversionType"": ""subscribe"", ""eventTimeout"": 3000 }); location.href=""/subscribe-thanks""; //get the form's jQuery element and hide it..."
security-2025-04-researcher-uncovers-dozens-of-sketchy-chrome-extensions-with-4-million-installs,Researcher uncovers dozens of sketchy Chrome extensions with 4 million installs,2025-04-10,2025,https://arstechnica.com/security/2025/04/researcher-uncovers-dozens-of-sketchy-chrome-extensions-with-4-million-installs/,arstechnica.com,Ars Technica,bing-news-rss,https://www.bing.com/news/search?q=site%3Aarstechnica.com+browser+extension+malicious&format=rss,chrome,other,False,True,False,,Google is hosting dozens of extensions in its Chrome Web Store that perform suspicious actions on the more than 4 million devices that have installed them and that their developers have taken pains to ...
2025-05-100-fake-chrome-extensions-found-html,"100+ Fake Chrome Extensions Found Hijacking Sessions, Stealing Credentials, Injecting Ads",2025-05-20,2025,http://thehackernews.com/2025/05/100-fake-chrome-extensions-found.html,thehackernews.com,The Hacker News,feed,https://thehackernews.com/feeds/posts/default/-/chrome%20extension?alt=json&max-results=500,chrome,malicious-extension,False,True,True,,"An unknown threat actor has been attributed to creating several malicious Chrome Browser extensions since February 2024 that masquerade as seemingly benign utilities but incorporate covert functionality to exfiltrate data, receive commands, and execute arbitrary code. ""The actor creates websites that masquerade as legitimate services, productivity tools, ad and media creation or analysis"
blog-layerx-reveals-40malicious-browser-extensions,LayerX Reveals 40+ Malicious Browser Extensions - LayerX,2025-05-22,2025,https://layerxsecurity.com/blog/layerx-reveals-40malicious-browser-extensions/,layerxsecurity.com,LayerX Security,sitemap,https://layerxsecurity.com/sitemap-posts.xml,chrome,malicious-extension,False,True,True,,"LayerX has identified over 40 malicious browser extensions that are part of three distinct phishing campaigns. The initial detection of this campaign was done by the DomainTools Intelligence (DTI) team, who identified a list of suspicious domains that were communicating with browser extensions masquerading as legitimate brands. However, while the research by DTI provided a […]"
thousands-of-chrome-extensions-are-tampering-with-security-headers,Thousands of Chrome extensions are tampering with security headers,2025-05-24,2025,https://therecord.media/thousands-of-chrome-extensions-are-tampering-with-security-headers,therecord.media,The Record,bing-news-rss,https://www.bing.com/news/search?q=site%3Atherecord.media+browser+extension+malicious&format=rss,chrome|opera,malicious-extension,False,True,True,,"Thousands of Google Chrome extensions available on the official Chrome Web Store are tampering with security headers on popular websites, putting users at risk of a wide range of web-based attacks."
sites-zakdoffman-2025-05-30-googles-new-chrome-update-do-not-ignore-june-5-deadline,Google’s New Chrome Update—Do Not Ignore June 5 Deadline,2025-05-30,2025,https://www.forbes.com/sites/zakdoffman/2025/05/30/googles-new-chrome-update-do-not-ignore-june-5-deadline/,forbes.com,Forbes,bing-news-rss,https://www.bing.com/news/search?q=chrome+extension+vulnerability&format=rss,chrome,other,False,True,False,,"Republished on May 30 with new security protections for Chrome extensions, “the most underrated identity security threats to both individuals and enterprises.” Google has just updated Chrome again, ..."
cyber-risk-browser-extensions-heightened-manageable-security-risks,"Browser Extensions Pose Heightened, but Manageable, Security Risks",2025-07-01,2025,https://www.darkreading.com/cyber-risk/browser-extensions-heightened-manageable-security-risks,darkreading.com,Dark Reading,bing-news-rss,https://www.bing.com/news/search?q=browser+extension+compromised+publisher&format=rss,chrome|edge|firefox|opera,other,False,True,False,,"While browser extensions add useful functionality to Web browsers, such as blocking ads, managing passwords, and taking notes, they also increase the organization's security and privacy risks. Browser ..."
news-18-malicious-chrome-edge-extensions,18 Malicious Chrome and Edge Extensions Disguise as Everyday Tools,2025-07-07,2025,https://www.infosecurity-magazine.com/news/18-malicious-chrome-edge-extensions/,infosecurity-magazine.com,Infosecurity-magazine.com,bing-news-rss,https://www.bing.com/news/search?q=site%3Ainfosecurity-magazine.com+browser+extension+malicious&format=rss,chrome|edge|opera,malicious-extension|supply-chain,False,True,True,,A set of 18 malicious browser extensions that are still available to download on Google Chrome and Microsoft Edge have been identified by a team of security researchers at Koi Security. These ...
crypto-roundup-malicious-firefox-extensions-a-28940,Crypto Roundup: Malicious Firefox Extensions,2025-07-10,2025,https://www.govinfosecurity.com/crypto-roundup-malicious-firefox-extensions-a-28940,govinfosecurity.com,HHS,bing-news-rss,https://www.bing.com/news/search?q=firefox+extension+malicious&format=rss,firefox|opera,malicious-extension,False,True,True,,"Every week, Information Security Media Group rounds up cybersecurity incidents in digital assets. This week, uncovering 40 malicious crypto Firefox extensions, three sentenced in a Belgium court for ..."
tech-malicious-browser-extensions-caught-spying-2-million-users,Malicious browser extensions caught spying on 2 million users,2025-07-14,2025,https://www.foxnews.com/tech/malicious-browser-extensions-caught-spying-2-million-users,foxnews.com,Fox News,bing-news-rss,https://www.bing.com/news/search?q=browser+extension+malicious&format=rss,chrome|edge|opera,malicious-extension,False,True,True,,"Every day, millions of people install tiny browser add-ons they believe will improve productivity or entertainment. With so many options available on the Chrome Web Store, users often rely on trust ..."
blog-layerx-joins-forces-with-google-chrome-enterprise-to-stop-malicious-browser-extensions,LayerX Joins Forces with Google Chrome Enterprise to Stop Malicious Browser Extensions - LayerX,2025-07-29,2025,https://layerxsecurity.com/blog/layerx-joins-forces-with-google-chrome-enterprise-to-stop-malicious-browser-extensions/,layerxsecurity.com,LayerX Security,sitemap,https://layerxsecurity.com/sitemap-posts.xml,chrome|edge|opera,malicious-extension,False,True,True,,"We’ve always believed that the browser is the new workspace. And as work increasingly happens inside the browser, it’s no surprise that securing it has become mission-critical. That’s why we’re thrilled to share some big news: LayerX is now officially collaborating with Google Chrome Enterprise to deliver a new level of visibility and control over […]"
browser-extensions-pose-serious-threat-to-gen-ai-tools-handling-sensitive-data,Browser Extensions Pose Serious Threat to Gen-AI Tools Handling Sensitive Data,2025-07-30,2025,https://www.securityweek.com/browser-extensions-pose-serious-threat-to-gen-ai-tools-handling-sensitive-data/,securityweek.com,SecurityWeek,bing-news-rss,https://www.bing.com/news/search?q=site%3Asecurityweek.com+browser+extension+malicious&format=rss,,other,False,True,False,,Browser security firm LayerX has disclosed a new attack method that works against popular gen-AI tools. The attack involves browser extensions and it can be used for covert data exfiltration. The ...
tech-malicious-firefox-extensions-are-draining-crypto-wallets,Malicious Firefox Extensions Are Draining Crypto Wallets,2025-08-10,2025,https://lifehacker.com/tech/malicious-firefox-extensions-are-draining-crypto-wallets,lifehacker.com,Lifehacker,bing-news-rss,https://www.bing.com/news/search?q=browser+extension+malicious&format=rss,chrome|firefox,malicious-extension,False,True,True,,"Emily Long is a freelance writer based in Salt Lake City. After graduating from Duke University, she spent several years reporting on the federal workforce for Government Executive, a publication of ..."
news-chrome-vpn-extension-spyware,Legitimate Chrome VPN Extension Turns to Browser Spyware,2025-08-18,2025,https://www.infosecurity-magazine.com/news/chrome-vpn-extension-spyware/,infosecurity-magazine.com,Infosecurity-magazine.com,bing-news-rss,https://www.bing.com/news/search?q=site%3Ainfosecurity-magazine.com+browser+extension+malicious&format=rss,chrome|edge|opera,malicious-extension|supply-chain,False,True,True,,A popular Google-featured browser extension offering a virtual private network (VPN) service recently turned malicious and is now spying on users’ every move online. Researchers from Koi Security ...
information-technology-2025-08-new-ai-browser-agents-create-risks-if-sites-hijack-them-with-hidden-instructions,Anthropic’s auto-clicking AI Chrome extension raises browser-hijacking concerns,2025-08-27,2025,https://arstechnica.com/information-technology/2025/08/new-ai-browser-agents-create-risks-if-sites-hijack-them-with-hidden-instructions/,arstechnica.com,Ars Technica,bing-news-rss,https://www.bing.com/news/search?q=site%3Aarstechnica.com+browser+extension+malicious&format=rss,brave|chrome|edge|opera,ai-related|malicious-extension,False,True,False,,"As AI assistants become capable of controlling web browsers, a new security challenge has emerged: users must now trust that every website they visit won’t try to hijack their AI agent with hidden ..."
2025-08-28-new-research-shows-passkeys-can-hijacked-malicious-extensions,New research shows passkeys can be hijacked through malicious extensions - SiliconANGLE,2025-08-28,2025,https://siliconangle.com/2025/08/28/new-research-shows-passkeys-can-hijacked-malicious-extensions/,siliconangle.com,SiliconANGLE,bing-news-rss,https://www.bing.com/news/search?q=browser+extension+hijacked&format=rss,edge|opera,malicious-extension|vulnerability,False,True,True,,"A new report out today from browser security company SquareX Ltd. reveals a critical flaw in passkeys, the widely promoted alternative to passwords, that could allow attackers to hijack accounts ..."
2025-10-131-chrome-extensions-caught-hijacking-html,131 Chrome Extensions Caught Hijacking WhatsApp Web for Massive Spam Campaign,2025-10-20,2025,http://thehackernews.com/2025/10/131-chrome-extensions-caught-hijacking.html,thehackernews.com,The Hacker News,feed,https://thehackernews.com/feeds/posts/default/-/chrome%20extension?alt=json&max-results=500,chrome|opera,malicious-extension,False,True,True,,"Cybersecurity researchers have uncovered a coordinated campaign that leveraged 131 rebranded clones of a WhatsApp Web automation extension for Google Chrome to spam Brazilian users at scale. The 131 spamware extensions share the same codebase, design patterns, and infrastructure, according to supply chain security company Socket. The browser add-ons collectively have about 20,905 active users. """
article-4078274-ai-browsers-can-be-abused-by-malicious-ai-sidebar-extensions-report-html,AI browsers can be abused by malicious AI sidebar extensions: Report,2025-10-22,2025,https://www.computerworld.com/article/4078274/ai-browsers-can-be-abused-by-malicious-ai-sidebar-extensions-report.html,computerworld.com,Computerworld,bing-news-rss,https://www.bing.com/news/search?q=site%3Acomputerworld.com+browser+extension+malicious&format=rss,chrome|edge|firefox|opera,ai-related|malicious-extension,False,True,True,,"AI browsers may be smart, but they’re not smart enough to block a common threat: Malicious extensions. That’s the conclusion of researchers at SquareX, who on Thursday released a report showing how ..."
2025-10-ai-sidebar-spoofing-attack-squarex-uncovers-malicious-extensions-that-impersonate-ai-browser-sidebars-html,AI Sidebar Spoofing Attack: SquareX Uncovers Malicious Extensions that Impersonate AI Browser Sidebars | NextBigFuture.com,2025-10-22,2025,https://www.nextbigfuture.com/2025/10/ai-sidebar-spoofing-attack-squarex-uncovers-malicious-extensions-that-impersonate-ai-browser-sidebars.html,nextbigfuture.com,NextBigFuture,bing-news-rss,https://www.bing.com/news/search?q=browser+extension+hijacked&format=rss,brave|edge|firefox|opera,ai-related|malicious-extension,False,True,True,,SquareX released critical research exposing a new class of attack targeting AI browsers. The AI Sidebar Spoofing attack leverages malicious browser extensions to impersonate trusted AI sidebar ...
ai-sidebar-spoofing-puts-chatgpt-atlas-perplexity-comet-and-other-browsers-at-risk,"AI Sidebar Spoofing Puts ChatGPT Atlas, Perplexity Comet and Other Browsers at Risk",2025-10-22,2025,https://www.securityweek.com/ai-sidebar-spoofing-puts-chatgpt-atlas-perplexity-comet-and-other-browsers-at-risk/,securityweek.com,SecurityWeek,bing-news-rss,https://www.bing.com/news/search?q=site%3Asecurityweek.com+browser+extension+malicious&format=rss,brave|chrome|edge|firefox,ai-related|malicious-extension,False,True,True,,"Enterprise browser security firm SquareX has demonstrated how malicious browser extensions can impersonate AI sidebar interfaces for phishing and other nefarious purposes. The attack method, named AI ..."
news-articles-malware-chrome-extension-secretly-siphoned-200102846-html,Malware Chrome Extension Secretly Siphoned Fees From Solana Traders for Months,2025-11-27,2025,https://www.yahoo.com/news/articles/malware-chrome-extension-secretly-siphoned-200102846.html,yahoo.com,Yahoo,bing-news-rss,https://www.bing.com/news/search?q=chrome+extension+malicious&format=rss,chrome,malicious-extension,False,True,True,,"Add Yahoo as a preferred source to see more of our stories on Google. A Chrome extension marketed as a convenient trading tool has been secretly siphoning SOL from users' swaps since last June, ..."
news-security-shadypanda-browser-extensions-amass-43m-installs-in-malicious-campaign,ShadyPanda browser extensions amass 4.3M installs in malicious campaign,2025-12-01,2025,https://www.bleepingcomputer.com/news/security/shadypanda-browser-extensions-amass-43m-installs-in-malicious-campaign/,bleepingcomputer.com,Bleeping Computer,bing-news-rss,https://www.bing.com/news/search?q=site%3Ableepingcomputer.com+browser+extension+malicious&format=rss,chrome|edge|opera,malicious-extension,False,True,True,,"A long-running malware operation known as ""ShadyPanda"" has amassed over 4.3 million installations of seemingly legitimate Chrome and Edge browser extensions that evolved into malware. The operation, ..."
article-4099453-newly-discovered-malicious-extensions-could-be-lurking-in-enterprise-browsers-2-html,Newly discovered malicious extensions could be lurking in enterprise browsers,2025-12-01,2025,https://www.computerworld.com/article/4099453/newly-discovered-malicious-extensions-could-be-lurking-in-enterprise-browsers-2.html,computerworld.com,Computerworld,bing-news-rss,https://www.bing.com/news/search?q=browser+extension+malicious&format=rss,chrome|edge,malicious-extension|supply-chain,False,True,True,,"Once-trusted Chrome and Edge add-ons have quietly turned into tools for data harvesting, search manipulation, and a remote-execution backdoor affecting more than 4.3 million users. A sprawling ..."
chrome-edge-extensions-caught-tracking-users-creating-backdoors,"Chrome, Edge Extensions Caught Tracking Users, Creating Backdoors",2025-12-01,2025,https://www.securityweek.com/chrome-edge-extensions-caught-tracking-users-creating-backdoors/,securityweek.com,SecurityWeek,bing-news-rss,https://www.bing.com/news/search?q=site%3Asecurityweek.com+browser+extension+malicious&format=rss,chrome|edge|firefox|opera,malicious-extension,False,True,True,,"The extensions were seen profiling users, reading cookie data to create unique identifiers, and executing payloads with browser API access. A threat actor has published over a hundred malicious ..."
news-malicious-vs-code-extensions,Malicious VS Code Extensions Deploy Advanced Infostealer,2025-12-08,2025,https://www.infosecurity-magazine.com/news/malicious-vs-code-extensions/,infosecurity-magazine.com,Infosecurity-magazine.com,bing-news-rss,https://www.bing.com/news/search?q=site%3Ainfosecurity-magazine.com+browser+extension+malicious&format=rss,opera,malicious-extension,False,True,True,,"A new pair of malicious Visual Studio Code extensions capable of harvesting screenshots, browser sessions and stored credentials has been discovered by cybersecurity researchers. The extensions, ..."
news-malicious-browser-extensions-hit-4-220052162-html,Malicious browser extensions hit 4.3M users,2025-12-10,2025,https://www.aol.com/news/malicious-browser-extensions-hit-4-220052162.html,aol.com,AOL,bing-news-rss,https://www.bing.com/news/search?q=browser+extension+malicious&format=rss,chrome|edge|opera,malicious-extension,False,True,True,,A long-running malware campaign quietly evolved over several years and turned trusted Chrome and Edge extensions into spyware. A detailed report from Koi Security reveals that the ShadyPanda operation ...
blog-introducing-the-tactics-techniques-matrix-for-malicious-browser-extensions,Introducing the Tactics & Techniques Matrix for Malicious Browser Extensions - LayerX,2025-12-14,2025,https://layerxsecurity.com/blog/introducing-the-tactics-techniques-matrix-for-malicious-browser-extensions/,layerxsecurity.com,LayerX Security,sitemap,https://layerxsecurity.com/sitemap-posts.xml,opera,malicious-extension,False,True,True,,"Most of us rely on browser extensions every day, often without thinking about it. They make online work faster and easier by saving passwords, blocking ads, translating text, managing notes, or connecting our favorite-web apps together. For many organizations, extensions have also become a practical replacement for traditional desktop software. As endpoint malware grew […]"
tech-browser-extension-malware-infected-8-8m-users-darkspectre-attack,Browser extension malware infected 8.8M users in DarkSpectre attack,2026-01-06,2026,https://www.foxnews.com/tech/browser-extension-malware-infected-8-8m-users-darkspectre-attack,foxnews.com,Fox News,bing-news-rss,https://www.bing.com/news/search?q=browser+extension+compromised+publisher&format=rss,chrome|edge|firefox|opera,malicious-extension,False,True,True,,"Browser extensions promise convenience. Many offer simple tools like new tab pages, translators or video helpers. Researchers, however, uncovered a long-running malware operation that abused that ..."
chrome-extensions-with-900000-downloads-caught-stealing-ai-chats,"Chrome Extensions With 900,000 Downloads Caught Stealing AI Chats",2026-01-06,2026,https://www.securityweek.com/chrome-extensions-with-900000-downloads-caught-stealing-ai-chats/,securityweek.com,SecurityWeek,bing-news-rss,https://www.bing.com/news/search?q=site%3Asecurityweek.com+browser+extension+malicious&format=rss,chrome|edge|firefox,ai-related|malicious-extension,False,True,True,,"Impersonating a legitimate extension from AITOPIA, the two malicious extensions were also exfiltrating users’ browser activity. The applications, called ‘Chat GPT for Chrome with GPT-5, Claude Sonnet ..."
article-news-900k-users-chrome-extensions-steal-chatgpt-deepseek-chats,"900K Users Hit as Malicious Chrome Extensions Steal ChatGPT, DeepSeek Chats",2026-01-06,2026,https://www.techrepublic.com/article/news-900k-users-chrome-extensions-steal-chatgpt-deepseek-chats/,techrepublic.com,TechRepublic,bing-news-rss,https://www.bing.com/news/search?q=site%3Atechrepublic.com+browser+extension+malicious&format=rss,chrome,ai-related|malicious-extension,False,True,True,,"900,000 Users Hit as Malicious Chrome Extensions Steal ChatGPT, DeepSeek Chats Your email has been sent OX Security researchers found that more than 900,000 Chrome ..."
blog-browser-extensions-gone-rogue-the-full-scope-of-the-ghostposter-campaign,Browser Extensions Gone Rogue: The Full Scope of the GhostPoster Campaign - LayerX,2026-01-15,2026,https://layerxsecurity.com/blog/browser-extensions-gone-rogue-the-full-scope-of-the-ghostposter-campaign/,layerxsecurity.com,LayerX Security,sitemap,https://layerxsecurity.com/sitemap-posts.xml,chrome|edge|firefox|opera,malicious-extension,False,True,True,Seeded from existing post slideshow,"Last month, researchers at Koi Security published a detailed analysis of a malicious Firefox extension they dubbed GhostPoster – a browser-based malware leveraging an uncommon and stealthy payload delivery method: steganography within a PNG icon file. This innovative approach allowed the malware to evade traditional extension security reviews and static analysis tools. Following their […]"
news-security-malicious-ghostposter-browser-extensions-found-with-840-000-installs,"Malicious GhostPoster browser extensions found with 840,000 installs",2026-01-17,2026,https://www.bleepingcomputer.com/news/security/malicious-ghostposter-browser-extensions-found-with-840-000-installs/,bleepingcomputer.com,Bleeping Computer,bing-news-rss,https://www.bing.com/news/search?q=site%3Ableepingcomputer.com+browser+extension+malicious&format=rss,chrome|edge|firefox|opera,malicious-extension,False,True,True,,"Another set of 17 malicious extensions linked to the GhostPoster campaign has been discovered in Chrome, Firefox, and Edge stores, where they accumulated a total of 840,000 installations. The ..."
malicious-chrome-extension-crashes-browser-in-clickfix-variant-crashfix,Malicious Chrome Extension Crashes Browser in ClickFix Variant 'CrashFix',2026-01-18,2026,https://www.securityweek.com/malicious-chrome-extension-crashes-browser-in-clickfix-variant-crashfix/,securityweek.com,SecurityWeek,bing-news-rss,https://www.bing.com/news/search?q=site%3Asecurityweek.com+browser+extension+malicious&format=rss,chrome|edge|opera,malicious-extension,False,True,True,,"A fresh variant of the ClickFix attack relies on a malicious Chrome extension to display a security warning and lure victims into executing unwanted commands to install malware, Huntress reports."
pro-security-more-malicious-browser-extensions-uncovered-chrome-firefox-and-edge-all-affected,"Beware- over 840,000 malicious browser extensions uncovered",2026-01-18,2026,https://www.techradar.com/pro/security/more-malicious-browser-extensions-uncovered-chrome-firefox-and-edge-all-affected?amp;_bhlid=d94bbc114e30bf84376e1fbb1c843a2d258df5ef,techradar.com,TechRadar,bing-news-rss,https://www.bing.com/news/search?q=chrome+extension+malicious&format=rss,chrome|edge|firefox|opera,malicious-extension,False,True,True,,"Security researchers LayerX have discovered 17 extensions for Chrome, Firefox, and Edge browsers which monitored people’s internet activity and installed backdoors for persistent access. In total, the ..."
articles-one-17-browser-extensions-could-175544241-html,Do you have one of these 17 browser extensions? They could be tracking your browsing history.,2026-01-22,2026,https://www.aol.com/articles/one-17-browser-extensions-could-175544241.html,aol.com,AOL,bing-news-rss,https://www.bing.com/news/search?q=browser+extension+hijacked&format=rss,chrome|edge|firefox,malicious-extension,False,True,True,,You might have a dangerous browser extension monitoring your browser history and not even know it. The Koi Security researchers originally identified 17 malicious ...
news-malicious-google-chrome-extensions-hijack-161709118-html,Malicious Google Chrome extensions hijack accounts,2026-01-25,2026,https://www.aol.com/news/malicious-google-chrome-extensions-hijack-161709118.html,aol.com,AOL,bing-news-rss,https://www.bing.com/news/search?q=browser+extension+malicious&format=rss,chrome|opera,malicious-extension,False,True,True,,"Cybersecurity researchers have uncovered a serious threat hiding inside Google Chrome. Several browser extensions pretend to be helpful tools. In reality, they quietly take over user accounts. These ..."
blog-small-tools-big-risk-when-browser-extensions-start-stealing-api-keys,"Small Tools, Big Risk: When Browser Extensions Start Stealing API Keys",2026-01-27,2026,https://www.obsidiansecurity.com/blog/small-tools-big-risk-when-browser-extensions-start-stealing-api-keys,obsidiansecurity.com,Obsidian Security,manual-seed,manual,chrome|opera,ai-related|malicious-extension,True,True,True,AI-extension theft dataset anchor,"Background Last week, Obsidian Security published a customer advisory detailing a malicious browser extension that was actively stealing OpenAI API keys. That advisory focused on immediate risk and recommended actions for impacted organizations. This post is the technical write-up behind that advisory. It details how the extension operated, how API keys were exfiltrated, and why browser extensions remain an effective (and often overlooked) attack vector for data leakage. We also expand beyond the initial incident to examine a broader pattern of extensions that are at best misleading and at worst malicious."
zscaler-acquires-browser-security-firm-squarex,Zscaler Acquires Browser Security Firm SquareX,2026-02-05,2026,https://www.securityweek.com/zscaler-acquires-browser-security-firm-squarex/,securityweek.com,SecurityWeek,bing-news-rss,https://www.bing.com/news/search?q=site%3Asecurityweek.com+browser+extension+malicious&format=rss,chrome|edge|opera,other,False,True,False,,"Zscaler says the acquisition will allow customers to embed lightweight extensions into any browser, providing increased security and eliminating the need for third-party browsers. Zscaler (NASDAQ: ZS) ..."
tech-browser-extensions-passwords-in-plain-text,Your Browser,2026-02-08,2026,https://lifehacker.com/tech/browser-extensions-passwords-in-plain-text,lifehacker.com,Lifehacker,bing-news-rss,https://www.bing.com/news/search?q=browser+extension+vulnerability&format=rss,chrome,other,False,True,False,,"Jake Peterson is Lifehacker’s Tech Editor, and has been covering tech news and how-tos for nearly a decade. His team covers all things technology, including AI, smartphones, computers, game consoles, ..."
news-fake-ai-assistants-google-chrome,Fake AI Assistants in Google Chrome Web Store Steal Passwords,2026-02-12,2026,https://www.infosecurity-magazine.com/news/fake-ai-assistants-google-chrome/,infosecurity-magazine.com,Infosecurity-magazine.com,bing-news-rss,https://www.bing.com/news/search?q=site%3Ainfosecurity-magazine.com+browser+extension+malicious&format=rss,chrome|edge|opera,ai-related|malicious-extension,False,True,True,,"Over 260,000 Google Chrome users have downloaded fake AI assistants designed to deliver malicious browser extensions which can steal login credentials, monitor emails and enable remote access by ..."
over-300-malicious-chrome-extensions-caught-leaking-or-stealing-user-data,Over 300 Malicious Chrome Extensions Caught Leaking or Stealing User Data,2026-02-13,2026,https://www.securityweek.com/over-300-malicious-chrome-extensions-caught-leaking-or-stealing-user-data/,securityweek.com,SecurityWeek,bing-news-rss,https://www.bing.com/news/search?q=site%3Asecurityweek.com+browser+extension+malicious&format=rss,chrome|edge|firefox|opera,malicious-extension,False,True,True,,"With more than 37 million combined downloads, the extensions expose users to tracking and personal information theft. Security researchers have discovered more than 300 Chrome extensions that leak ..."
article-4132716-leaky-chrome-extensions-with-37m-installs-caught-shipping-your-browsing-history-2-html,Leaky Chrome extensions with 37M installs caught divulging your browsing history,2026-02-15,2026,https://www.computerworld.com/article/4132716/leaky-chrome-extensions-with-37m-installs-caught-shipping-your-browsing-history-2.html,computerworld.com,Computerworld,bing-news-rss,https://www.bing.com/news/search?q=site%3Acomputerworld.com+browser+extension+malicious&format=rss,chrome|opera,other,False,True,False,,"Hundreds of popular add‑ons used encrypted, URL‑sized payloads to send search queries, referrers, and timestamps to outside servers, in some cases tied to data brokers and unknown operators. An ..."
500000-vkontakte-accounts-hijacked-chrome-extensions,"Over 500,000 VKontakte accounts hijacked through malicious Chrome extensions",2026-02-15,2026,https://therecord.media/500000-vkontakte-accounts-hijacked-chrome-extensions,therecord.media,The Record,bing-news-rss,https://www.bing.com/news/search?q=site%3Atherecord.media+browser+extension+malicious&format=rss,chrome|opera,malicious-extension,False,True,True,,Cybersecurity researchers have uncovered a malware campaign that reportedly hijacked half a million accounts on VKontakte — Russia’s most popular social network — through Google Chrome browser ...
180386-promotedposts-how-browser-extensions-can-accidentally-compromise-your-privacy,How Browser Extensions Can Accidentally Compromise Your Privacy - Daily Emerald,2026-02-16,2026,https://dailyemerald.com/180386/promotedposts/how-browser-extensions-can-accidentally-compromise-your-privacy/,dailyemerald.com,Daily Emerald,bing-news-rss,https://www.bing.com/news/search?q=browser+extension+malicious&format=rss,,other,False,True,False,,“Can we go to another gear as a team?” Ducks head coach Melyssa Lombardi said after Oregon softball’s win over Iowa. “I think this series... Learn how to stay safe from the threats of dangerous ...
blog-pixel-perfect,Pixel Perfect: Sold Extension Injects Code Through Pixel,2026-02-23,2026,https://annex.security/blog/pixel-perfect/,annex.security,Annex Security,manual-seed,manual,,other,True,True,False,Seeded from existing post slideshow,A Google Lens extension that was sold gets weaponized overnight—stripping browser security headers and using a 1x1 GIF onload trick to execute C2-delivered JavaScript on every page
vulnerability-allowed-hijacking-chromes-gemini-live-ai-assistant,Vulnerability Allowed Hijacking Chrome's Gemini Live AI Assistant,2026-03-01,2026,https://www.securityweek.com/vulnerability-allowed-hijacking-chromes-gemini-live-ai-assistant/,securityweek.com,SecurityWeek,bing-news-rss,https://www.bing.com/news/search?q=site%3Asecurityweek.com+browser+extension+malicious&format=rss,chrome|edge|opera,ai-related|malicious-extension|vulnerability,False,True,True,,"A vulnerability in Chrome could have allowed malicious extensions to hijack the browser’s AI assistant to spy on users and exfiltrate data, Palo Alto Networks reports. Chrome’s side panel AI assistant ..."
article-news-compromised-chrome-extension-malware-crypto-theft,"Chrome Extension Hijacked to Deliver Malware, Steal Crypto Wallets",2026-03-02,2026,https://www.techrepublic.com/article/news-compromised-chrome-extension-malware-crypto-theft/?email_hash=0d7a7050906b225db2718485ca0f3472,techrepublic.com,TechRepublic,bing-news-rss,https://www.bing.com/news/search?q=browser+extension+hijacked&format=rss,chrome|opera,malicious-extension|supply-chain,False,True,True,,"A compromised Chrome extension with 7,000 users was updated to deploy malware, strip security headers, and steal cryptocurrency wallet seed phrases. Image: madedee/Adobe A once-trusted Chrome ..."
news-experts-prompt-poaching-browser,Experts Sound Alarm Over “Prompt Poaching” Browser Extensions,2026-03-24,2026,https://www.infosecurity-magazine.com/news/experts-prompt-poaching-browser/,infosecurity-magazine.com,Infosecurity-magazine.com,bing-news-rss,https://www.bing.com/news/search?q=site%3Ainfosecurity-magazine.com+browser+extension+malicious&format=rss,chrome|edge|opera,ai-related|malicious-extension,False,True,False,,"Security experts have warned users to beware of malicious Chrome extensions designed to secretly monitor and exfiltrate users’ AI conversations. Expel explained in a blog post, published on March 24, ..."
critical-flaw-in-claude-chrome-extension-allowed-malicious-prompt-injection,Critical Flaw in Claude Chrome Extension Can Allow Silent Malware,2026-03-27,2026,https://www.techjuice.pk/critical-flaw-in-claude-chrome-extension-allowed-malicious-prompt-injection/,techjuice.pk,TechJuice,bing-news-rss,https://www.bing.com/news/search?q=browser+extension+vulnerability&format=rss,chrome,malicious-extension|vulnerability,False,True,True,,"Claude extension flaw allowed zero click attacks, letting hackers inject commands and access sensitive user data."
new-deepload-malware-dropped-in-clickfix-attacks,New DeepLoad Malware Dropped in ClickFix Attacks,2026-04-01,2026,https://www.securityweek.com/new-deepload-malware-dropped-in-clickfix-attacks/,securityweek.com,SecurityWeek,bing-news-rss,https://www.bing.com/news/search?q=site%3Asecurityweek.com+browser+extension+malicious&format=rss,chrome|opera,malicious-extension,False,True,True,,The new DeepLoad malware has been distributed in ClickFix attacks to steal user credentials and install a rogue browser extension.
news-security-linkedin-secretly-scans-for-6-000-plus-chrome-extensions-collects-data,"LinkedIn secretly scans for 6,000+ Chrome extensions, collects data",2026-04-03,2026,https://www.bleepingcomputer.com/news/security/linkedin-secretly-scans-for-6-000-plus-chrome-extensions-collects-data/,bleepingcomputer.com,Bleeping Computer,bing-news-rss,https://www.bing.com/news/search?q=site%3Ableepingcomputer.com+browser+extension+malicious&format=rss,chrome|edge,other,False,True,False,,"A new report dubbed ""BrowserGate"" warns that Microsoft's LinkedIn is using hidden JavaScript scripts on its website to scan visitors' browsers for installed extensions and collect device data."
tech-policy-2026-04-linkedin-scanning-users-browser-extensions-sparks-controversy-and-two-lawsuits,LinkedIn scanning users' browser extensions sparks controversy and two lawsuits,2026-04-08,2026,https://arstechnica.com/tech-policy/2026/04/linkedin-scanning-users-browser-extensions-sparks-controversy-and-two-lawsuits/,arstechnica.com,Ars Technica,bing-news-rss,https://www.bing.com/news/search?q=site%3Aarstechnica.com+browser+extension+malicious&format=rss,chrome|chromium|edge|opera,other,False,True,False,,LinkedIn is facing two lawsuits over its practice of scanning users’ browsers to determine which extensions they’re running. Two class action complaints were filed by different law firms on behalf of ...
blog-browser-extensions-mining-data-49829,Kaspersky official blog,2026-04-10,2026,https://www.kaspersky.com/blog/browser-extensions-mining-data/49829/,kaspersky.com,Kaspersky,manual-seed,manual,,vulnerability,True,True,True,Known browser-extension incident roundup,"wi-fi AirSnitch: attacking Wi-Fi client isolation and guest networks How the AirSnitch vulnerability family threatens corporate networks, and what changes you need to make to your network architecture and settings to stay protected. Stan Kaminsky April 10, 2026"
2026-04-browser-extensions-are-new-ai-html,Browser Extensions Are the New AI Consumption Channel That No One Is Talking About,2026-04-10,2026,https://thehackernews.com/2026/04/browser-extensions-are-new-ai.html,thehackernews.com,The Hacker News,bing-news-rss,https://www.bing.com/news/search?q=browser+extension+malicious&format=rss,edge|opera,ai-related|vulnerability,False,True,False,,"AI browser extensions increase enterprise risk with 60% higher vulnerabilities, bypassing DLP controls and exposing sensitive data."
labs-critical-vulnerability-discovered-in-evernotes-chrome-extension,Critical Vulnerability Discovered in Evernote’s Chrome Extension,2026-04-12,2026,https://guard.io/labs/critical-vulnerability-discovered-in-evernotes-chrome-extension,guard.io,Guardio Labs,sitemap,https://guard.io/sitemap.xml,chrome,vulnerability,False,True,True,,"Support For Business Pricing About Start for Free Login Start for Free Labs Critical Vulnerability Discovered in Evernote’s Chrome Extension Avihay Kain Ido Schachter March 1, 2022 • 5 min read Table of Contents Heading 2 TLDR In May 2019 Guardio’s research team has discovered a critical vulnerability in Evernote Web Clipper for Chrome. A logical coding error made it is possible to break domain-isolation mechanisms and execute code on behalf of the user — granting access to sensitive user information not limited to Evernote’s domain. Financials, social media, personal emails, and more are all natural targets."
labs-crossbarking-exploiting-a-0-day-opera-vulnerability-with-a-cross-browser-extension-store-attack,“CrossBarking” — Exploiting a 0-Day Opera Vulnerability with a Cross-Browser Extension Store Attack,2026-04-12,2026,https://guard.io/labs/crossbarking-exploiting-a-0-day-opera-vulnerability-with-a-cross-browser-extension-store-attack,guard.io,Guardio Labs,sitemap,https://guard.io/sitemap.xml,chrome|chromium|edge|opera,malicious-extension|vulnerability,False,True,True,,"Support For Business Pricing About Start for Free Login Start for Free Labs “CrossBarking” Exploiting a 0-Day Opera Vulnerability with a Cross-Browser Extension Store Attack Nati Tal October 30, 2024 • 14 min read Table of Contents Heading 2 TLDR Guardio Labs has uncovered and fully disclosed a serious vulnerability in the Opera browser that allows malicious extensions to gain full access to permissive Private APIs, enabling actions like screen capturing, browser setting modifications, and account hijacking ."
labs-fakegpt-new-variant-of-fake-chatgpt-chrome-extension-stealing-facebook-ad-accounts-with,“FakeGPT”: New Variant of Fake-ChatGPT Chrome Extension Stealing Facebook Ad Accounts with Thousands of Daily Installs,2026-04-12,2026,https://guard.io/labs/fakegpt-new-variant-of-fake-chatgpt-chrome-extension-stealing-facebook-ad-accounts-with,guard.io,Guardio Labs,sitemap,https://guard.io/sitemap.xml,chrome|opera,ai-related|malicious-extension,False,True,True,,"Support For Business Pricing About Start for Free Login Start for Free Labs “FakeGPT” New Variant of Fake-ChatGPT Chrome Extension Stealing Facebook Ad Accounts with Thousands of Daily Installs Nati Tal March 8, 2023 • 8 min read Update: March 22, 2023 — Guardio Labs discovered another variant in this FakeGPT campaign, abusing open-source code and yet again hijacking Facebook profiles — read about it here . Update: March 9, 2023 — Following Guardio’ s report regarding this malicious extension to Google, the extension is now removed from Chrome’s store."
gl-security-security-tech-notes-threat-intelligence-tech-notes-malicious-browser-extensions-feb-2025,Tech Note - Malicious browser extensions impacting at least 3.2 million users - GitLab Security Tech Notes,,,https://gitlab-com.gitlab.io/gl-security/security-tech-notes/threat-intelligence-tech-notes/malicious-browser-extensions-feb-2025/,gitlab-com.gitlab.io,GitLab Security,manual-seed,manual,chrome|opera,malicious-extension|supply-chain,True,True,True,Seeded from existing post slideshow,GitLab Security Tech Notes Home Red Team Security Research Threat Intlligence Search Tech Note - Malicious browser extensions impacting at least 3.2 million users Key Points Background Threat Actor Infrastructure Malicious Configuration Variant Injected Payloads Understanding the Attack Chain Attribution & Conclusion Recommendations Appendix - Indicators of Compromise Tech Note - Malicious browser extensions impacting at least 3.2 million users 13 February 2025 - GitLab Threat Intelligence Key Points We identified...
blog-cyberhaven-browser-extension-compromise,Cyberhaven Browser Extension Compromise,,,https://keepaware.com/blog/cyberhaven-browser-extension-compromise,keepaware.com,Keep Aware,manual-seed,manual,chrome,malicious-extension|supply-chain,True,True,True,Seeded from existing post slideshow,"Blog / Threat Posts Cyberhaven Browser Extension Compromise Ryan Boerner Founder & CEO December 26, 2024 Share this post Cyberhaven Browser Extension Compromise: What Happened and What It Means Cyberhaven, a data loss prevention cybersecurity company, recently experienced a breach that resulted in the distribution of a malicious browser extension to its customer base. This breach highlights the importance of extension management and browser security within the organization. Below, we break down what happened, how it unfolded, and the implications for security teams."
blog-4-million-browsers-infected-inside-shadypanda-7-year-malware-campaign,4.3 Million Browsers Infected: Inside ShadyPanda's 7-Year Malware Campaign,,,https://www.koi.ai/blog/4-million-browsers-infected-inside-shadypanda-7-year-malware-campaign,koi.ai,Koi Research,manual-seed,manual,chrome|edge|opera,malicious-extension|vulnerability,True,True,True,Seeded from existing post slideshow,"Back Koi Research 4.3 Million Browsers Infected: Inside ShadyPanda's 7-Year Malware Campaign Tuval Admoni , , December 1, 2025 Intro Koi researchers have identified a threat actor we're calling ShadyPanda - responsible for a seven-year browser extension campaign that has infected 4.3 million Chrome and Edge users. Our investigation uncovered two active operations: A 300,000-user RCE backdoor: Five extensions, including the ""Featured"" and ""Verified"" Clean Master, were weaponized in mid-2024 after years of legitimate operation."
blog-greedybear-650-attack-tools-one-coordinated-campaign,"GreedyBear: 650 Attack Tools, One Coordinated Campaign",,,https://www.koi.ai/blog/greedybear-650-attack-tools-one-coordinated-campaign,koi.ai,Koi Research,manual-seed,manual,firefox|opera,malicious-extension|supply-chain,True,True,True,Seeded from existing post slideshow,"Back Koi Research GreedyBear: 650 Attack Tools, One Coordinated Campaign Tuval Admoni , , August 8, 2025 Intro What happens when cybercriminals stop thinking small and start thinking like a Fortune 500 company? You get GreedyBear , the attack group that just redefined industrial-scale crypto theft. 150 weaponized Firefox extensions. nearly 500 malicious executables. Dozens of phishing websites. One coordinated attack infrastructure. According to user reports, over $1 million stolen ."
blog-foxywallet-40-malicious-firefox-extensions-exposed,FoxyWallet: 40+ Malicious Firefox Extensions Exposed,,,https://www.koi.ai/blog/foxywallet-40-malicious-firefox-extensions-exposed,koi.ai,Koi Security,sitemap,https://www.koi.security/sitemap.xml,chrome|firefox|opera,malicious-extension,False,True,True,Seeded from existing post slideshow,"Back Koi Research FoxyWallet: 40+ Malicious Firefox Extensions Exposed Yuval Ronen , , July 2, 2025 Intro A large-scale malicious campaign has been uncovered involving dozens of fake Firefox extensions designed to steal cryptocurrency wallet credentials. These extensions impersonate legitimate wallet tools from widely-used platforms such as Coinbase, MetaMask, Trust Wallet, Phantom, Exodus, OKX, Keplr, MyMonero, Bitget, Leap, Ethereum Wallet , and Filfox . Once installed, the malicious extensions silently exfiltrate wallet secrets, putting users’ assets at immediate risk."
blog-google-and-microsoft-trusted-them-2-3-million-users-installed-them-they-were-malware,Google and Microsoft Trusted Them. 2.3 Million Users Installed Them. They Were Malware.,,,https://www.koi.security/blog/google-and-microsoft-trusted-them-2-3-million-users-installed-them-they-were-malware,koi.security,Koi Security,manual-seed,manual,chrome|edge|opera,malicious-extension,True,True,True,Seeded from existing post slideshow,"Back Koi Research Google and Microsoft Trusted Them. 2.3 Million Users Installed Them. They Were Malware. Idan Dardikman , , July 8, 2025 Intro TL;DR - Our investigation of a single “verified” color picker exposed a coordinated campaign of 18 malicious extensions that infected a massive 2.3 million users across Chrome and Edge. If you think a Chrome extension with Google’s verified badge, 100,000+ installs, 800+ reviews, and featured placement on the store is trustworthy? Think again."
blog-vk-styles-500k-users-infected-by-chrome-extensions-that-hijack-vkontakte-accounts,VK Styles: 500K Users Infected by Chrome Extensions That Hijack VKontakte Accounts,,,https://www.koi.ai/blog/vk-styles-500k-users-infected-by-chrome-extensions-that-hijack-vkontakte-accounts,koi.ai,Koi Security,sitemap,https://www.koi.security/sitemap.xml,chrome|opera,malicious-extension,False,True,True,,"Back Koi Research VK Styles: 500K Users Infected by Chrome Extensions That Hijack VKontakte Accounts Ariel Cohen , , February 12, 2026 Intro Half a million VKontakte users had their accounts silently hijacked. Their settings reset every 30 days. Automatically subscribed to groups they never chose. All through Chrome extensions that looked like simple VK customization tools. We discovered a sophisticated malware campaign targeting VKontakte (VK), Russia's largest social network with over 650 million users."
blog-when-chrome-extensions-turn-against-us-the-cyberhaven-breach-and-beyond,When Chrome Extensions Turn Against Us: The Cyberhaven Breach and Beyond,,,https://www.koi.ai/blog/when-chrome-extensions-turn-against-us-the-cyberhaven-breach-and-beyond,koi.ai,Koi Security,sitemap,https://www.koi.security/sitemap.xml,chrome|edge|firefox,malicious-extension,False,True,True,,"Back Security Insights When Chrome Extensions Turn Against Us: The Cyberhaven Breach and Beyond Amit Assaraf , , December 30, 2024 Intro Did you ever wonder what happens when a cybersecurity company becomes a tool for spreading malware? This is exactly what happened to the cybersecurity company Cyberhaven last Wednesday, leading to the infection of its 400,000 users with malicious code through a Chrome extension. Cyberhaven is one of the startups in the DLP (Data Loss Prevention) space — a tool designed to prevent sensitive organizational data from leaking."
support-solutions-articles-67000750069-security-notice-trust-wallet-browser-extension-version-2-68-vulnerability,Security Notice: Trust Wallet Browser Extension Version 2.68 Vulnerability,,,https://support.trustwallet.com/support/solutions/articles/67000750069-security-notice-trust-wallet-browser-extension-version-2-68-vulnerability,support.trustwallet.com,Trust Wallet,manual-seed,manual,chrome,vulnerability,True,True,True,Seeded from existing post slideshow,"Last Updated: December 29, 2025 Overview We have identified a security incident affecting only the Trust Wallet Browser Extension version 2.68. To maintain the security of your wallet and assets, users currently using version 2.68 should immedi..."
